regio2,totalRent,balcony,livingSpace,noRooms
Stuttgart,1190.0,0,29.0,1.5
Köln,1500.0,1,120.0,3.0
Köln,608.0,0,29.0,1.0
Köln,1470.8,1,92.0,2.0
Stuttgart,920.0,0,50.0,2.5
Köln,950.0,1,75.01,2.0
Stuttgart,530.0,1,25.0,1.0
Köln,1150.0,1,100.0,4.5
Köln,1770.0,1,100.35,4.0
Stuttgart,1095.0,0,53.0,1.0
Stuttgart,1580.0,1,90.0,3.5
Köln,740.0,0,17.0,1.0
Köln,1600.0,1,102.0,3.0
Köln,1170.0,0,84.0,3.0
Stuttgart,2300.0,0,124.0,3.0
Köln,625.0,1,39.0,1.0
Stuttgart,720.0,0,30.0,1.0
Stuttgart,3350.0,1,151.0,4.5
Stuttgart,561.0,1,20.0,1.0
Stuttgart,370.0,0,14.7,1.0
Stuttgart,1890.0,1,75.0,2.5
Stuttgart,950.0,0,32.0,1.0
Köln,1728.0,1,104.0,3.0
Stuttgart,2990.0,1,120.0,4.0
Köln,1000.0,1,99.0,3.0
Köln,800.0,0,68.0,3.0
Köln,459.0,0,23.1,1.0
Stuttgart,1500.0,1,92.2,4.0
Köln,635.0,0,54.0,2.0
Köln,2500.0,1,104.0,3.0
Köln,360.0,0,26.0,1.0
Köln,1515.0,1,94.0,3.0
Köln,930.0,1,48.0,2.0
Stuttgart,945.0,0,63.0,2.0
Stuttgart,2200.0,1,108.0,4.0
Stuttgart,950.0,1,25.0,1.0
Köln,2750.0,1,218.0,3.0
Köln,1449.0,0,40.0,1.0
Köln,675.0,1,50.0,2.5
Stuttgart,770.0,1,57.0,2.0
Stuttgart,1150.0,1,85.0,3.5
Stuttgart,720.0,0,43.0,1.0
Köln,1140.0,1,88.0,3.0
Köln,2530.0,0,160.0,3.0
Stuttgart,600.0,0,15.0,1.0
Köln,830.0,0,18.0,1.0
Köln,1750.0,1,90.0,3.0
Köln,1960.0,1,124.0,3.0
Stuttgart,2190.0,0,74.0,3.0
Stuttgart,1660.0,1,83.0,3.0
Köln,690.0,1,26.0,1.0
Stuttgart,1390.0,1,90.55,3.0
Stuttgart,2200.0,1,75.0,3.0
Köln,790.0,1,60.0,2.0
Stuttgart,750.0,1,38.0,1.0
Köln,940.0,1,84.0,3.0
Köln,1490.0,0,92.0,3.5
Stuttgart,1878.0,1,50.67,2.0
Köln,945.0,0,48.0,1.5
Köln,3800.0,1,200.0,4.0
Köln,1981.0,0,80.56,3.0
Stuttgart,625.0,0,25.0,1.0
Köln,740.0,1,69.0,2.0
Köln,1470.0,1,83.0,3.0
Köln,1420.0,1,100.0,4.0
Stuttgart,690.0,1,10.0,1.0
Köln,1520.0,1,92.0,4.0
Stuttgart,1810.0,1,110.0,4.0
Köln,535.0,1,36.0,1.5
Köln,1588.0,1,110.0,3.0
Köln,1850.0,1,96.0,4.0
Köln,2000.0,1,150.0,4.0
Köln,1549.0,0,102.0,3.0
Stuttgart,870.0,0,16.0,1.0
Stuttgart,895.0,0,75.0,3.5
Stuttgart,1990.0,1,100.0,4.0
Stuttgart,760.0,1,23.0,1.0
Köln,760.0,0,33.66,1.0
Köln,1600.0,1,80.0,2.0
Köln,550.0,1,33.0,1.0
Köln,958.05,1,38.05,1.0
Stuttgart,860.0,0,20.0,1.0
Köln,725.0,1,65.0,2.0
Köln,850.0,1,39.0,1.0
Köln,600.0,0,55.0,2.0
Köln,1655.36,1,100.1,3.0
Stuttgart,1490.0,1,86.0,3.0
Köln,950.0,0,95.0,3.0
Köln,1280.0,0,71.0,2.0
Köln,995.0,1,48.0,2.0
Köln,850.0,0,63.0,2.0
Stuttgart,3000.0,1,170.0,6.0
Stuttgart,990.0,1,65.0,3.0
Köln,795.0,1,63.0,2.0
Köln,1170.0,1,82.0,3.0
Köln,1433.0,1,96.0,4.0
Köln,1220.0,1,87.0,3.0
Köln,587.0,1,30.4,1.0
Stuttgart,1800.0,1,69.0,2.0
Köln,1760.0,1,111.3,4.0
Köln,600.0,0,40.0,1.0
Köln,1900.0,0,71.0,2.0
Köln,3190.0,1,175.0,4.0
Köln,1237.7,1,101.44,4.0
Köln,1630.0,1,120.0,3.0
Köln,1350.0,1,95.0,3.0
Stuttgart,1983.0,1,120.23,4.0
Stuttgart,2240.0,1,81.0,2.0
Köln,940.0,1,60.13,2.0
Stuttgart,1590.0,0,55.0,2.0
Köln,630.0,0,54.0,2.0
Köln,650.0,0,38.0,1.0
Stuttgart,850.0,1,41.0,2.0
Stuttgart,890.0,0,68.0,2.5
Köln,1450.0,1,60.0,3.0
Stuttgart,1080.0,1,70.0,3.0
Stuttgart,2410.0,1,145.0,4.5
Stuttgart,1240.0,1,88.0,3.5
Köln,600.0,0,40.0,1.0
Stuttgart,830.0,0,18.0,1.0
Stuttgart,3250.0,1,230.0,3.5
Köln,1054.0,1,57.0,2.0
Stuttgart,2050.0,1,125.0,3.5
Stuttgart,1280.0,0,68.0,3.0
Stuttgart,1950.0,1,110.0,3.5
Köln,595.0,0,240.9,1.0
Stuttgart,1350.0,0,45.0,2.0
Köln,655.0,0,50.0,2.0
Stuttgart,695.0,0,20.0,1.0
Stuttgart,950.0,1,33.0,1.0
Stuttgart,1350.0,1,68.0,2.0
Köln,896.29,1,59.67,2.0
Stuttgart,1650.0,1,100.0,2.0
Stuttgart,1390.0,0,40.0,2.0
Köln,880.0,0,16.0,1.0
Stuttgart,970.0,0,62.0,2.0
Köln,525.0,0,23.0,1.0
Stuttgart,1850.0,1,101.65,4.0
Köln,1145.0,1,87.0,2.5
Köln,1090.0,1,115.0,3.0
Köln,2200.0,1,142.0,5.0
Köln,1440.0,1,86.0,2.5
Stuttgart,1870.0,1,85.0,3.0
Stuttgart,600.0,0,25.0,1.0
Köln,690.0,1,53.0,2.0
Köln,2340.0,1,160.57,3.0
Köln,650.0,1,57.0,2.0
Köln,950.0,0,55.0,2.0
Köln,2520.0,1,115.0,3.0
Stuttgart,1506.0,0,73.8,2.0
Stuttgart,1235.0,1,94.0,3.0
Köln,1128.14,1,80.0,2.0
Stuttgart,1160.0,1,74.76,2.5
Stuttgart,1730.0,1,102.0,3.5
Köln,830.0,0,20.0,1.0
Stuttgart,1620.0,0,56.0,2.0
Stuttgart,1550.0,1,70.0,3.0
Stuttgart,380.0,0,25.0,1.0
Köln,420.0,1,17.0,1.0
Stuttgart,1145.0,0,53.0,2.0
Köln,1000.0,1,78.0,3.0
Köln,770.0,1,59.0,2.0
Stuttgart,885.0,1,30.0,2.0
Köln,1400.0,0,86.0,4.0
Köln,1245.0,0,80.0,3.0
Köln,895.0,1,81.0,2.0
Stuttgart,3350.0,1,163.13,3.5
Köln,920.0,1,55.0,2.0
Köln,1040.0,0,94.93,4.0
Köln,910.0,0,60.0,2.0
Stuttgart,1450.0,0,50.0,1.0
Stuttgart,2580.65,1,135.31,5.0
Köln,1250.0,1,95.0,4.0
Köln,857.43,1,73.0,2.0
Stuttgart,1715.0,0,90.0,3.0
Köln,1570.0,1,140.0,3.0
Stuttgart,1000.0,1,45.0,2.0
Köln,1850.0,0,70.0,3.5
Stuttgart,830.0,0,35.0,1.0
Stuttgart,600.0,0,36.0,1.0
Stuttgart,1590.0,1,76.0,3.0
Stuttgart,2200.0,0,94.0,3.5
Stuttgart,995.0,1,65.0,2.5
Köln,690.0,1,36.0,1.0
Köln,1220.0,1,79.0,3.0
Köln,1060.0,1,89.0,3.0
Stuttgart,2850.0,1,120.0,3.5
Köln,1570.0,1,127.0,3.5
Köln,1172.0,1,65.0,2.0
Köln,1050.0,0,33.0,1.0
Köln,1470.0,1,74.59,2.0
Köln,1200.0,1,74.0,3.0
Köln,1440.0,1,93.0,3.0
Köln,2290.0,1,100.0,3.0
Stuttgart,2600.0,0,139.86,5.0
Köln,1200.0,1,78.0,2.0
Köln,1640.0,1,59.0,2.0
Köln,760.0,0,70.0,2.0
Stuttgart,1670.0,1,85.0,3.0
Köln,465.0,1,25.0,1.0
Köln,2600.0,1,115.0,3.0
Köln,896.4,1,48.08,1.0
Köln,1242.0,0,56.0,2.0
Stuttgart,1150.0,1,45.0,2.5
Köln,550.0,0,50.0,1.0
Köln,1490.0,1,55.0,1.0
Köln,1694.0,1,129.0,2.5
Köln,950.0,1,81.0,3.0
Köln,1240.0,0,80.0,2.0
Köln,2846.0,1,161.78,5.0
Köln,2990.0,1,100.0,3.0
Köln,505.0,0,24.0,1.0
Stuttgart,1380.0,1,60.0,2.0
Stuttgart,570.0,0,14.0,1.0
Stuttgart,1980.0,1,129.0,3.5
Köln,1824.0,0,96.0,3.0
Stuttgart,650.0,0,68.0,3.0
Stuttgart,3390.0,1,183.0,4.0
Stuttgart,2250.0,1,87.0,3.0
Köln,1173.0,1,104.3,4.0
Stuttgart,920.0,1,76.0,3.0
Köln,1080.0,0,115.0,3.0
Köln,1230.0,1,73.0,3.0
Köln,740.0,0,58.0,3.0
Köln,603.69,0,46.99,2.0
Köln,1650.0,1,107.5,4.0
Köln,1990.0,1,101.0,3.0
Köln,1540.0,1,98.0,3.0
Köln,640.0,0,51.0,1.0
Stuttgart,3000.0,1,154.0,4.0
Stuttgart,1690.0,0,65.0,3.0
Köln,520.0,0,38.0,1.0
Köln,1400.0,1,70.0,3.0
Köln,1150.0,1,90.0,2.0
Stuttgart,1120.0,0,48.0,2.0
Köln,985.0,1,71.0,2.0
Köln,948.0,1,51.0,2.0
Köln,1320.0,1,90.0,3.0
Stuttgart,2250.0,1,90.0,3.5
Köln,1230.0,1,89.0,3.0
Stuttgart,1750.0,1,86.0,3.0
Köln,910.0,1,65.0,2.0
Köln,849.0,1,67.0,3.0
Köln,800.0,0,20.0,1.0
Köln,825.0,0,52.0,2.0
Köln,945.0,1,62.0,2.0
Köln,720.0,0,61.0,2.0
Köln,1347.0,1,142.29,3.0
Stuttgart,880.0,0,16.0,1.0
Köln,535.0,0,22.0,1.0
Köln,1000.0,1,58.0,2.0
Stuttgart,1810.0,1,102.0,2.0
Köln,1965.0,1,104.11,3.0
Stuttgart,900.0,1,50.0,2.0
Stuttgart,2640.0,1,100.0,2.0
Stuttgart,525.0,0,30.0,1.0
Köln,1350.0,1,87.0,2.0
Stuttgart,2095.0,1,105.0,4.0
Stuttgart,790.0,0,24.0,1.0
Köln,1738.0,1,124.52,4.0
Köln,650.0,0,54.0,2.0
Köln,1600.0,1,102.0,3.0
Stuttgart,555.0,1,24.0,1.0
Köln,1440.0,1,100.0,4.0
Stuttgart,1675.0,0,100.0,3.5
Köln,834.3,1,67.61,2.0
Stuttgart,1050.0,1,93.0,3.0
Stuttgart,2224.0,1,98.0,2.0
Köln,1190.0,1,45.0,1.5
Stuttgart,1590.0,1,64.0,2.0
Köln,794.0,0,58.2,2.0
Köln,780.0,0,60.0,2.0
Stuttgart,1690.0,1,60.0,2.0
Stuttgart,950.0,1,49.0,2.0
Köln,640.0,1,37.0,1.0
Köln,300.0,1,18.0,1.0
Köln,1340.0,1,50.0,2.0
Köln,1260.0,1,90.28,3.0
Köln,923.0,1,65.0,2.0
Köln,535.0,1,25.0,1.0
Köln,2870.0,1,154.0,4.0
Stuttgart,1150.0,1,30.0,1.0
Köln,741.0,1,58.5,2.0
Köln,770.0,1,66.5,2.0
Köln,1138.0,1,94.0,4.0
Köln,890.0,0,70.0,3.0
Köln,2880.0,1,160.0,4.0
Stuttgart,2290.0,1,110.0,3.0
Köln,700.0,1,57.0,2.0
Stuttgart,920.0,1,54.0,2.5
Köln,570.0,0,25.0,1.0
Köln,1480.0,1,73.0,1.0
Stuttgart,1040.0,0,48.0,2.0
Köln,1820.0,1,160.0,3.0
Köln,3000.0,1,142.0,3.0
Köln,916.0,1,67.4,2.0
Stuttgart,2034.44,1,100.11,3.0
Stuttgart,900.0,1,61.0,2.0
Stuttgart,1550.0,1,45.0,1.0
Stuttgart,1698.0,1,122.5,4.5
Köln,860.0,1,60.0,2.0
Stuttgart,1500.0,1,80.0,3.0
Köln,1230.0,0,61.0,2.0
Köln,950.0,0,73.0,3.0
Köln,799.0,0,28.0,1.0
Köln,1350.0,1,72.0,2.0
Köln,505.0,1,28.0,1.0
Köln,1500.0,1,92.0,2.0
Köln,760.0,1,54.0,2.0
Stuttgart,1350.0,0,90.0,3.5
Köln,1252.0,1,86.45,3.0
Köln,725.0,1,44.18,1.0
Köln,1940.0,0,149.0,4.0
Köln,940.0,0,60.0,2.0
Stuttgart,1590.0,1,64.0,2.0
Köln,2840.0,1,105.0,3.0
Stuttgart,1870.0,1,111.0,4.5
Köln,1876.8,1,92.0,3.0
Köln,1020.0,1,95.0,3.0
Köln,1673.0,1,116.0,4.0
Köln,1180.36,1,74.0,3.0
Stuttgart,750.0,0,17.0,1.0
Köln,656.0,0,37.0,2.0
Köln,964.0,1,67.0,2.0
Köln,1359.0,1,95.0,3.0
Köln,1290.0,1,40.0,1.0
Stuttgart,1990.0,1,85.0,3.0
Stuttgart,710.0,1,39.0,1.0
Köln,4560.0,1,246.0,5.0
Köln,895.0,1,62.82,2.0
Köln,1605.0,1,121.36,4.0
Köln,840.0,1,73.0,3.0
Stuttgart,820.0,1,17.0,1.0
Köln,1750.0,0,110.0,3.5
Stuttgart,2065.0,1,110.0,3.0
Köln,600.0,0,55.0,2.0
Köln,2990.0,1,130.0,3.0
Köln,825.0,1,42.05,1.0
Köln,980.0,1,80.0,2.0
Stuttgart,930.0,1,60.0,2.0
Köln,630.6,0,25.0,1.0
Stuttgart,1910.0,1,90.0,2.0
Stuttgart,2930.0,1,168.0,6.0
Stuttgart,1473.0,1,68.0,2.0
Köln,1290.0,1,107.31,3.0
Stuttgart,1840.0,0,155.0,6.0
Köln,2300.0,1,145.0,3.0
Stuttgart,660.0,1,18.7,1.0
Stuttgart,2400.0,0,80.0,1.5
Köln,1584.0,1,102.3,4.0
Köln,715.0,1,54.0,2.0
Köln,3520.0,1,130.0,3.0
Stuttgart,1770.0,0,110.0,4.0
Stuttgart,590.0,0,19.0,1.0
Köln,931.0,1,88.0,3.0
Stuttgart,1340.0,1,97.0,3.0
Stuttgart,750.0,0,20.0,1.0
Köln,1150.0,1,102.0,3.0
Köln,855.0,1,81.95,3.0
Stuttgart,1573.0,0,93.34,3.0
Köln,1690.0,1,90.0,3.0
Stuttgart,1580.0,1,75.0,3.0
Köln,2060.0,1,110.0,3.0
Köln,1423.0,1,64.0,5.0
Köln,1000.0,1,99.0,4.0
Köln,1506.0,1,108.96,4.0
Stuttgart,740.0,1,54.5,2.0
Stuttgart,590.0,1,16.0,1.0
Stuttgart,1490.0,1,48.0,2.0
Stuttgart,1400.0,1,70.0,3.0
Köln,1065.0,1,75.0,3.0
Köln,1100.0,1,98.0,4.0
Köln,945.0,1,77.0,2.0
Stuttgart,1800.0,1,165.0,4.0
Stuttgart,1900.0,1,83.0,3.0
Stuttgart,1835.0,1,91.0,4.0
Stuttgart,1180.0,1,51.0,2.0
Köln,1030.0,1,91.0,3.0
Köln,445.0,0,40.0,2.0
Stuttgart,1400.0,0,58.0,2.0
Stuttgart,3570.8,1,184.25,4.0
Stuttgart,1420.0,1,78.0,3.5
Stuttgart,2925.0,1,135.0,3.0
Köln,1223.0,0,70.0,3.0
Köln,930.0,1,67.0,3.0
Köln,540.0,0,32.0,1.0
Köln,1285.0,1,147.0,3.0
Stuttgart,980.0,1,40.0,1.5
Stuttgart,500.0,0,10.0,1.0
Stuttgart,1250.0,1,70.0,3.0
Köln,2700.0,1,177.0,4.0
Stuttgart,1900.0,1,120.0,2.5
Stuttgart,1051.68,1,67.73,3.0
Köln,835.0,1,66.0,2.0
Köln,806.0,0,70.0,2.0
Köln,1492.0,1,84.0,2.5
Köln,1050.0,0,78.0,2.0
Köln,1800.0,1,120.0,3.0
Köln,1340.0,1,74.0,3.0
Köln,1067.06,1,67.29,2.0
Köln,1800.0,1,120.0,4.0
Stuttgart,995.0,0,82.0,2.5
Köln,540.0,0,40.0,1.0
Stuttgart,880.0,0,75.0,3.0
Stuttgart,1950.0,1,80.0,3.0
Köln,1260.0,0,76.0,2.0
Stuttgart,1450.0,1,42.0,1.5
Köln,1335.0,1,90.0,3.0
Stuttgart,1390.0,1,89.0,3.0
Stuttgart,1530.0,0,63.0,1.5
Köln,710.0,0,14.0,1.0
Köln,790.0,1,40.0,1.0
Stuttgart,976.8,0,43.38,1.0
Stuttgart,750.0,1,13.0,1.0
Stuttgart,1650.0,1,69.0,3.0
Stuttgart,1100.0,0,66.0,2.0
Köln,1155.0,0,96.71,3.0
Köln,810.0,1,45.0,2.0
Stuttgart,2060.0,1,100.0,3.0
Köln,568.0,0,31.0,1.0
Köln,500.0,0,21.0,1.0
Stuttgart,1270.0,1,69.0,2.5
Köln,670.0,1,12.0,1.0
Köln,3740.0,1,150.0,4.0
Köln,1800.0,1,109.0,4.0
Köln,999.0,0,40.76,2.0
Stuttgart,912.0,0,22.0,1.0
Köln,1550.0,1,114.0,3.0
Köln,1800.0,0,111.0,3.0
Köln,590.0,1,40.0,2.0
Köln,1420.0,1,91.0,2.0
Stuttgart,1230.0,1,91.0,3.0
Köln,2080.0,1,143.5,5.0
Köln,980.0,1,83.0,3.0
Köln,795.0,0,65.0,2.0
Köln,1525.0,1,110.0,3.0
Stuttgart,1650.0,1,103.0,3.0
Stuttgart,710.0,0,20.0,1.0
Stuttgart,1650.0,1,69.0,3.0
Stuttgart,400.0,0,10.0,1.0
Stuttgart,1188.5,1,84.0,3.0
Köln,680.0,0,40.0,1.0
Köln,786.6,1,67.0,3.0
Stuttgart,1200.0,0,55.0,2.0
Stuttgart,1650.0,0,59.2,3.0
Köln,665.0,0,35.0,1.0
Köln,520.0,1,46.0,2.0
Köln,1269.0,1,85.0,3.0
Stuttgart,1479.0,1,52.0,2.0
Köln,1080.0,0,82.0,4.0
Köln,770.0,0,48.0,1.0
Stuttgart,1640.0,1,90.0,2.0
Köln,1138.0,1,80.0,3.0
Köln,1880.0,1,122.0,5.0
Köln,2340.0,1,100.0,3.0
Köln,590.0,0,36.0,1.5
Stuttgart,1590.0,0,113.0,2.5
Köln,1510.0,1,140.0,5.0
Köln,990.0,1,121.0,3.0
Köln,3700.0,1,255.0,6.0
Köln,1450.0,1,98.0,3.0
Köln,795.0,0,63.5,2.0
Stuttgart,1250.0,1,75.0,3.0
Köln,1790.0,1,120.0,2.0
Stuttgart,850.0,0,50.0,2.0
Köln,1060.0,1,100.0,2.0
Stuttgart,1630.0,1,104.0,4.0
Köln,1453.0,1,71.0,2.0
Köln,799.0,0,30.0,1.0
Stuttgart,1300.0,1,70.0,2.5
Köln,730.0,0,35.2,1.0
Stuttgart,690.0,1,55.0,2.0
Stuttgart,2200.0,1,112.0,3.5
Stuttgart,370.0,0,20.0,1.0
Köln,825.0,1,60.49,2.0
Stuttgart,780.0,1,57.0,2.0
Köln,740.0,1,42.0,1.0
Köln,1430.0,1,77.0,2.0
Köln,1720.0,1,90.41,3.0
Köln,1080.0,1,72.0,2.0
Stuttgart,1180.0,1,65.0,2.5
Stuttgart,1030.0,1,83.0,3.0
Stuttgart,1660.0,0,89.68,4.0
Köln,815.7,1,55.0,2.0
Köln,1550.0,1,100.0,2.5
Stuttgart,3190.0,1,230.0,7.0
Köln,860.0,0,57.0,2.0
Köln,1001.13,1,84.54,3.0
Köln,772.0,1,51.0,2.0
Stuttgart,930.0,1,18.0,1.0
Köln,970.0,1,90.75,3.5
Köln,820.0,0,71.0,3.0
Köln,494.8,0,43.1,2.0
Stuttgart,1130.0,0,54.0,2.0
Köln,1371.37,0,74.59,2.0
Köln,2650.0,1,133.0,4.0
Stuttgart,890.0,1,26.0,1.0
Stuttgart,2145.0,1,115.0,4.0
Köln,937.0,1,62.82,2.0
Köln,1690.0,0,80.0,3.0
Köln,1340.0,0,100.0,3.0
Köln,1495.0,1,90.0,2.5
Köln,1080.0,1,56.0,2.0
Köln,1460.0,1,100.0,3.0
Köln,2050.0,1,90.0,3.0
Stuttgart,870.0,1,58.0,2.0
Köln,1990.0,1,71.0,3.0
Stuttgart,2500.0,1,83.0,3.0
Stuttgart,2588.0,1,140.0,3.5
Stuttgart,2017.0,0,98.0,3.0
Köln,914.0,1,68.68,2.0
Köln,1040.0,1,86.0,3.0
Köln,760.0,1,48.0,2.0
Stuttgart,1840.0,1,129.0,2.0
Köln,1300.0,1,110.0,3.0
Stuttgart,1450.0,0,75.0,3.0
Köln,1710.0,1,110.0,3.0
Stuttgart,1550.0,0,42.0,1.5
Stuttgart,1350.0,1,60.0,2.0
Stuttgart,940.0,1,53.0,2.0
Stuttgart,2200.0,0,87.0,3.0
Köln,1600.0,1,80.0,2.0
Köln,2298.0,1,135.0,3.5
Köln,1550.0,1,91.0,3.0
Stuttgart,1120.0,1,54.0,2.5
Stuttgart,1580.0,1,93.0,3.0
Köln,790.5,1,52.0,2.0
Köln,959.0,1,68.0,2.0
Köln,2190.0,0,70.0,3.0
Köln,1340.0,1,80.0,2.0
Köln,800.0,1,51.0,2.0
Stuttgart,1286.13,1,34.1,1.0
Köln,550.0,1,22.0,1.0
Köln,503.0,0,23.0,1.0
Stuttgart,1105.0,1,92.0,4.0
Köln,1185.0,0,30.0,1.0
Stuttgart,760.0,0,33.0,1.5
Stuttgart,2100.0,1,114.0,2.0
Köln,1405.0,1,94.0,4.0
Köln,980.0,0,50.0,1.0
Köln,620.5,1,40.0,2.0
Stuttgart,1340.0,0,76.1,3.0
Stuttgart,595.0,0,15.0,1.0
Stuttgart,600.0,0,25.0,1.0
Köln,690.0,0,30.0,1.0
Köln,1241.0,1,86.5,3.0
Köln,1300.0,1,105.0,4.0
Stuttgart,830.0,0,27.0,1.0
Stuttgart,650.0,0,28.0,1.0
Köln,729.0,0,47.0,2.0
Stuttgart,960.0,0,21.0,1.0
Köln,850.0,0,26.0,1.0
Köln,1440.0,1,78.0,2.0
Köln,682.22,0,29.29,1.0
Köln,1029.0,1,92.0,4.0
Köln,1607.0,0,105.24,4.0
Stuttgart,2259.0,1,103.0,4.0
Köln,2915.0,0,100.0,3.0
Köln,1990.0,1,85.0,2.0
Köln,850.0,1,72.0,2.0
Köln,1890.0,0,102.0,4.0
Stuttgart,1832.0,1,70.59,2.0
Stuttgart,1800.0,1,105.0,4.5
Stuttgart,1320.0,1,53.0,2.0
Köln,1107.0,1,85.0,3.5
Köln,1975.0,1,133.12,5.0
Köln,880.0,1,67.0,2.0
Köln,1290.0,1,45.0,1.0
Stuttgart,2060.0,1,124.0,3.5
Stuttgart,1832.0,1,70.59,2.0
Köln,1245.0,1,105.38,4.0
Köln,490.0,0,41.0,3.0
Köln,594.0,0,59.0,2.0
Köln,1617.9,0,116.81,5.0
Köln,995.0,0,68.0,2.0
Köln,965.0,1,54.6,2.0
Köln,964.0,1,74.0,2.0
Stuttgart,1550.0,1,98.0,3.5
Stuttgart,1620.0,1,105.0,4.0
Stuttgart,710.0,0,29.0,1.0
Köln,910.0,1,77.1,3.0
Stuttgart,1700.0,0,68.0,2.5
Stuttgart,1850.0,1,89.0,3.0
Köln,995.0,1,66.0,2.0
Stuttgart,1450.0,0,42.0,1.5
Stuttgart,1500.0,1,90.94,3.0
Stuttgart,2600.0,1,136.9,5.0
Stuttgart,1592.0,1,88.11,4.0
Köln,1020.0,0,78.0,3.0
Köln,1615.0,1,60.0,2.0
Stuttgart,1293.99,1,77.0,3.0
Köln,1200.0,1,63.0,3.0
Köln,1780.0,1,85.0,3.0
Stuttgart,1270.0,1,85.0,2.0
Stuttgart,1545.0,0,75.0,3.0
Stuttgart,2200.0,0,87.0,3.0
Stuttgart,1990.0,1,100.0,4.0
Stuttgart,1380.0,1,82.0,3.5
Stuttgart,2500.0,1,160.0,5.0
Köln,1990.0,1,110.0,3.0
Köln,860.0,1,48.0,1.5
Köln,2200.0,1,103.0,3.5
Stuttgart,1650.0,1,116.0,3.5
Köln,950.0,0,64.0,2.0
Köln,1330.0,1,100.0,3.0
Köln,788.0,1,40.61,2.0
Köln,2190.0,1,105.0,3.0
Stuttgart,1715.0,0,100.0,2.0
Stuttgart,2412.36,0,169.0,6.0
Köln,1150.0,0,71.0,2.0
Stuttgart,1770.0,1,109.0,3.5
Köln,1250.0,1,72.0,3.0
Stuttgart,650.0,0,10.0,1.0
Köln,630.0,1,35.0,1.0
Köln,1082.45,1,58.44,2.0
Köln,755.0,1,58.0,2.0
Köln,1343.5,1,65.0,2.0
Stuttgart,990.0,0,86.0,3.0
Stuttgart,2250.0,1,101.0,4.0
Köln,1010.0,1,50.0,2.5
Köln,1695.0,1,110.0,3.0
Köln,1325.0,1,86.0,3.0
Köln,971.5,1,73.0,3.0
Köln,740.0,0,17.0,1.0
Köln,950.0,1,40.0,1.0
Köln,1285.0,1,83.0,3.0
Köln,955.5,1,75.0,3.0
Köln,1390.0,1,59.0,1.0
Köln,1455.7,1,113.27,4.0
Köln,690.0,1,55.0,2.0
Stuttgart,750.0,0,24.0,1.0
Köln,2070.0,1,100.57,4.0
Köln,529.0,0,34.3,1.0
Köln,1430.0,1,103.0,3.0
Stuttgart,1150.0,0,75.0,3.0
Köln,1100.0,1,91.5,2.0
Köln,1600.0,0,60.0,2.0
Köln,550.0,0,49.0,2.0
Köln,1120.0,1,93.0,4.0
Köln,1420.0,0,114.0,4.0
Köln,916.07,1,61.38,2.0
Stuttgart,960.0,1,54.0,2.0
Köln,920.0,1,57.8,2.0
Köln,625.0,0,43.0,1.0
Köln,564.0,0,37.0,1.0
Köln,640.0,1,37.0,1.0
Stuttgart,1250.0,0,75.0,3.0
Köln,600.0,0,43.0,2.0
Stuttgart,1200.0,1,63.0,2.5
Stuttgart,2150.0,0,110.0,3.0
Stuttgart,2900.0,0,125.0,4.5
Köln,590.0,0,45.0,2.0
Köln,1103.0,1,80.0,3.0
Stuttgart,1460.0,1,91.0,3.0
Köln,3155.0,1,155.0,4.0
Köln,1830.0,1,110.0,4.0
Stuttgart,720.0,0,30.0,1.0
Stuttgart,2622.0,1,140.78,4.0
Stuttgart,1428.81,1,85.78,4.0
Köln,2390.0,1,150.0,4.0
Stuttgart,1910.0,1,127.0,4.5
Stuttgart,540.0,0,25.0,1.0
Köln,1084.0,1,90.0,3.0
Stuttgart,1580.0,0,40.0,1.0
Köln,945.0,0,70.0,3.0
Köln,1990.0,1,85.0,3.0
Köln,1570.0,0,103.0,4.0
Köln,780.0,1,55.0,2.0
Stuttgart,1560.0,1,78.8,3.0
Köln,1015.0,1,70.0,3.0
Köln,1190.0,0,40.0,1.0
Stuttgart,1590.0,1,45.0,2.0
Stuttgart,790.0,1,55.0,2.0
Köln,1220.0,1,90.0,3.0
Stuttgart,1500.0,1,70.0,3.5
Köln,585.0,1,40.0,1.0
Stuttgart,1000.0,1,57.5,2.0
Stuttgart,1775.0,1,94.0,3.5
Stuttgart,1190.0,0,32.0,1.0
Köln,780.0,1,19.0,1.0
Köln,778.92,1,45.12,1.0
Köln,2020.0,1,141.0,4.5
Stuttgart,930.0,0,60.0,3.0
Köln,1410.0,1,42.0,2.0
Stuttgart,970.0,1,63.0,2.0
Köln,680.0,1,40.0,1.5
Stuttgart,1620.0,1,98.0,3.0
Köln,1690.0,1,134.0,3.5
Stuttgart,1650.0,1,98.0,3.0
Köln,1126.0,1,102.25,3.0
Köln,890.0,1,57.0,2.0
Stuttgart,1340.0,1,71.0,3.0
Köln,3670.0,1,165.0,3.5
Stuttgart,1680.0,1,70.0,3.0
Köln,570.0,1,51.0,2.0
Köln,1445.0,1,85.0,3.0
Stuttgart,1590.0,1,58.0,2.0
Köln,1401.5,1,112.8,5.0
Köln,550.0,1,33.0,1.0
Stuttgart,1690.0,1,60.0,2.0
Köln,555.2,0,28.0,1.0
Köln,950.0,0,76.0,2.0
Köln,500.0,0,26.0,1.0
Köln,1697.0,1,109.0,3.5
Köln,1500.0,1,78.0,3.0
Stuttgart,1480.0,0,76.0,1.5
Stuttgart,1390.0,1,48.0,2.0
Köln,3720.0,0,205.51,5.0
Stuttgart,1350.0,1,73.0,2.5
Köln,600.0,0,20.0,1.0
Stuttgart,790.0,0,20.0,1.0
Köln,1350.0,1,40.0,2.0
Stuttgart,1340.0,0,70.0,3.0
Köln,1171.0,1,70.09,3.0
Stuttgart,940.0,1,52.0,2.0
Stuttgart,1170.0,1,69.0,2.0
Köln,1130.0,1,83.0,2.0
Stuttgart,2410.0,1,130.0,4.0
Köln,660.0,0,52.0,2.0
Köln,1210.0,1,90.0,3.0
Stuttgart,1790.0,1,84.77,3.0
Köln,1475.0,1,85.0,3.5
Stuttgart,805.0,1,46.61,2.0
Köln,720.0,0,40.0,1.5
Köln,1550.0,1,96.0,5.0
Köln,1484.0,1,100.0,3.0
Stuttgart,1545.0,1,76.0,2.0
Stuttgart,920.0,1,80.0,2.5
Stuttgart,1260.0,1,69.06,2.0
Köln,1890.0,1,130.0,3.5
Köln,905.0,1,59.0,2.0
Köln,1310.0,1,85.18,3.0
Stuttgart,2930.0,0,170.14,4.5
Stuttgart,2120.0,1,80.39,3.0
Stuttgart,3000.0,1,179.0,4.0
Köln,486.0,0,30.0,1.0
Köln,1870.0,1,136.0,3.5
Köln,900.0,1,61.0,1.0
Köln,2170.0,1,138.0,3.5
Stuttgart,1400.0,0,95.0,4.0
Stuttgart,1400.0,0,50.0,2.0
Stuttgart,1890.0,1,75.0,3.0
Köln,2310.0,1,147.5,3.0
Stuttgart,2600.0,0,100.0,4.0
Köln,1370.0,1,90.0,3.0
Köln,1247.75,1,87.5,3.0
Köln,745.0,1,50.02,2.0
Köln,1860.0,1,120.0,2.5
Stuttgart,2390.0,1,72.0,2.0
Stuttgart,900.0,1,26.0,1.0
Köln,5000.0,1,190.0,4.0
Köln,995.0,1,86.5,3.0
Stuttgart,1750.0,1,78.0,3.0
Köln,1019.0,1,91.0,2.0
Köln,1170.0,1,80.0,3.0
Stuttgart,1190.0,1,32.0,1.0
Stuttgart,1990.0,0,85.0,3.0
Stuttgart,1490.0,0,84.0,3.5
Köln,1650.0,0,105.71,3.0
Köln,1193.52,1,57.3,2.0
Köln,1640.0,1,101.0,3.0
Köln,1160.0,0,96.0,3.0
Köln,770.0,1,54.44,2.0
Stuttgart,790.0,0,17.0,1.0
Stuttgart,1150.0,1,74.0,2.0
Stuttgart,1100.0,1,60.0,2.5
Köln,790.89,0,58.07,3.0
Köln,815.0,1,63.0,2.0
Köln,925.0,0,72.0,3.0
Stuttgart,1700.0,1,63.0,3.0
Köln,936.0,1,53.46,2.0
Köln,1795.0,1,105.92,3.0
Stuttgart,2259.0,1,108.0,4.0
Köln,660.0,0,53.61,2.0
Köln,756.0,1,56.0,2.0
Köln,1490.0,1,110.0,3.0
Köln,628.52,0,55.44,3.0
Köln,1450.0,1,90.0,3.0
Stuttgart,1800.0,1,112.0,4.0
Köln,894.0,1,68.0,2.0
Köln,840.0,1,55.0,2.0
Köln,630.0,0,53.0,2.0
Köln,770.0,0,53.0,2.0
Köln,1250.0,1,73.0,2.0
Köln,940.0,1,40.0,1.5
Köln,995.0,1,88.0,3.0
Köln,550.0,0,25.0,1.0
Stuttgart,1600.0,1,80.0,3.0
Stuttgart,780.0,0,17.0,1.0
Köln,1790.0,0,75.0,3.0
Stuttgart,530.0,0,18.5,1.5
Stuttgart,2090.0,1,55.0,2.0
Stuttgart,1350.0,1,43.0,1.0
Köln,895.0,0,65.0,3.0
Köln,820.0,1,51.5,2.0
Stuttgart,800.0,0,21.0,1.0
Köln,704.0,1,53.45,2.0
Köln,1160.0,1,61.0,2.0
Köln,400.0,0,40.0,2.0
Köln,2054.4,1,136.96,4.0
Stuttgart,530.0,0,17.0,1.0
Köln,1390.0,1,81.0,2.0
Köln,1190.0,1,40.0,1.0
Stuttgart,1660.0,1,91.0,4.5
Köln,1230.0,0,68.0,2.0
Köln,720.0,0,47.0,1.0
Köln,1400.0,1,120.0,6.0
Stuttgart,1650.0,1,89.0,3.0
Köln,920.0,1,52.83,2.0
Köln,1635.0,1,82.61,2.5
Köln,855.0,1,45.0,1.0
Stuttgart,1490.0,0,45.0,2.0
Köln,1830.0,1,120.0,3.5
Stuttgart,1450.0,1,100.0,4.0
Stuttgart,665.0,0,15.32,1.0
Köln,755.0,0,63.0,2.0
Stuttgart,780.0,1,17.0,1.0
Köln,613.0,0,51.0,1.0
Köln,469.0,0,30.0,1.0
Köln,1445.0,1,85.0,3.0
Köln,750.0,0,55.0,2.0
Stuttgart,1400.0,1,115.0,4.0
Köln,1210.0,1,45.0,1.0
Köln,1246.0,1,85.0,3.0
Köln,1210.0,1,80.0,3.0
Köln,1130.0,1,85.0,4.0
Köln,1240.0,0,70.0,3.0
Köln,840.0,1,64.0,3.0
Stuttgart,990.0,0,86.0,3.5
Stuttgart,890.0,1,48.0,1.5
Stuttgart,1240.0,1,75.0,3.0
Köln,540.0,0,39.0,1.0
Köln,855.0,1,51.94,2.0
Köln,2301.0,0,154.0,4.0
Köln,930.0,0,50.0,2.0
Köln,915.0,1,52.0,2.0
Stuttgart,1096.0,1,57.0,2.0
Stuttgart,2110.0,0,92.0,3.0
Köln,555.0,0,0.0,1.0
Stuttgart,1020.0,1,70.0,2.0
Köln,1220.0,1,80.0,3.0
Köln,920.0,1,80.0,3.0
Stuttgart,1655.0,1,91.0,4.0
Köln,1007.0,1,76.0,4.0
Köln,951.89,1,64.06,2.0
Köln,3640.0,1,89.0,3.0
Köln,964.23,1,68.3,2.0
Stuttgart,1700.0,1,116.0,3.0
Köln,851.0,1,66.24,3.0
Stuttgart,1450.0,1,60.0,2.0
Stuttgart,1400.0,1,110.0,4.0
Köln,1398.0,1,60.0,2.0
Stuttgart,1550.0,1,70.0,3.0
Köln,1798.0,1,107.0,4.0
Köln,790.0,1,50.0,2.0
Köln,700.0,0,98.0,4.0
Köln,1035.0,1,51.0,2.0
Stuttgart,2659.4,1,134.53,4.0
Stuttgart,1290.0,1,55.0,2.0
Stuttgart,2450.0,0,200.0,4.5
Stuttgart,900.0,0,65.0,3.0
Köln,797.6,1,64.04,2.0
Stuttgart,1340.0,1,80.0,3.0
Köln,700.0,0,14.0,1.0
Köln,840.0,0,57.0,2.0
Stuttgart,500.0,0,26.0,1.0
Köln,2200.0,1,125.0,3.0
Köln,680.0,1,50.0,2.0
Stuttgart,615.0,1,11.0,1.0
Stuttgart,1800.0,1,98.0,4.0
Köln,475.0,0,29.3,1.0
Köln,710.0,0,44.0,1.0
Köln,1495.0,1,118.0,3.5
Stuttgart,1910.0,1,85.0,2.5
Köln,770.0,1,33.0,1.0
Stuttgart,2385.0,1,120.0,3.0
Stuttgart,2150.0,1,150.0,5.0
Stuttgart,2265.0,1,104.0,3.0
Stuttgart,1450.0,1,100.0,4.0
Köln,1750.0,1,140.0,5.0
Köln,1330.0,1,69.0,3.0
Stuttgart,1290.0,0,44.0,1.0
Stuttgart,1350.0,0,45.0,2.0
Stuttgart,1850.0,1,60.0,2.0
Köln,2000.0,1,112.0,4.0
Stuttgart,1728.0,1,85.0,3.0
Stuttgart,1940.0,1,76.0,3.0
Köln,1180.0,1,87.0,3.0
Stuttgart,1890.0,0,76.0,3.0
Stuttgart,1175.0,1,77.0,3.0
Stuttgart,1950.0,1,124.4,4.0
Köln,669.0,0,26.38,1.0
Köln,1145.0,1,78.0,2.0
Köln,1062.0,1,74.2,3.0
Stuttgart,1130.0,1,60.0,2.0
Köln,1180.0,1,64.0,1.0
Stuttgart,800.0,1,55.0,2.5
Stuttgart,540.0,0,21.0,1.0
Stuttgart,590.0,1,40.0,1.5
Köln,850.0,0,25.0,1.0
Köln,1000.0,1,92.0,3.0
Köln,665.5,1,39.0,1.0
Stuttgart,1537.0,1,74.0,2.0
Köln,885.0,1,77.0,3.0
Köln,954.0,0,53.0,2.0
Köln,1500.0,1,80.0,2.5
Stuttgart,2170.0,1,128.0,3.0
Köln,1575.0,1,99.87,4.0
Köln,1050.0,1,85.0,2.5
Köln,880.0,0,41.0,2.0
Stuttgart,1295.0,0,95.0,4.0
Stuttgart,1120.0,1,74.0,3.0
Köln,850.0,0,43.5,1.0
Stuttgart,1750.0,1,106.0,4.0
Köln,519.0,1,20.0,1.0
Köln,1090.0,1,53.0,2.0
Stuttgart,1150.0,0,46.0,2.0
Stuttgart,570.0,0,15.0,1.0
Stuttgart,1660.0,1,83.0,3.0
Stuttgart,1390.0,1,84.0,3.5
Köln,1990.0,1,116.6,4.0
Stuttgart,740.0,1,30.46,1.0
Köln,1300.0,1,79.1,3.0
Stuttgart,700.0,0,25.0,1.0
Köln,918.5,1,53.0,2.0
Stuttgart,2290.0,0,131.82,3.0
Köln,1015.0,1,66.0,2.0
Köln,780.0,0,18.0,1.0
Stuttgart,1720.0,1,84.0,2.0
Stuttgart,2080.0,0,88.0,2.0
Köln,2950.0,0,168.0,4.0
Köln,2347.0,0,150.0,4.0
Köln,1630.0,0,96.0,3.5
Köln,730.0,1,68.0,3.0
Stuttgart,1200.0,1,51.0,2.5
Köln,1700.0,1,120.0,3.0
Stuttgart,2325.0,1,91.41,3.0
Stuttgart,1750.0,1,74.28,3.0
Köln,460.0,0,40.0,1.0
Stuttgart,770.0,0,17.0,1.0
Köln,675.0,1,50.0,2.0
Köln,1010.0,1,68.0,2.0
Köln,2450.0,1,175.0,3.0
Köln,1520.0,1,79.0,3.0
Köln,575.0,1,48.0,2.0
Köln,2170.0,1,145.0,2.0
Köln,999.0,1,69.43,3.0
Köln,1230.0,1,84.0,3.0
Köln,1150.0,1,102.91,3.0
Stuttgart,897.0,0,21.0,1.0
Köln,1440.0,1,55.0,2.0
Köln,960.0,1,71.0,3.0
Stuttgart,990.0,1,50.0,2.0
Köln,590.0,1,18.0,1.0
Stuttgart,1700.0,1,88.0,4.0
Stuttgart,850.0,0,32.0,1.0
Köln,980.0,0,65.0,2.0
Köln,1410.0,0,110.0,3.0
Köln,835.0,1,71.0,2.0
Köln,528.0,0,45.0,2.0
Köln,1050.0,1,56.0,2.0
Köln,1880.0,1,155.0,5.0
Stuttgart,1590.0,0,52.0,1.0
Stuttgart,3220.0,1,204.0,4.0
Köln,2620.0,0,185.0,5.0
Köln,1046.0,1,56.0,2.0
Köln,1160.0,1,96.0,3.0
Stuttgart,1590.0,0,55.0,2.0
Köln,799.0,1,33.0,1.0
Köln,1540.0,1,94.0,4.0
Köln,1760.0,0,112.0,3.0
Stuttgart,930.0,0,71.0,3.0
Köln,3891.0,1,192.0,4.5
Stuttgart,4110.0,1,165.0,5.0
Stuttgart,1390.0,1,48.0,2.0
Stuttgart,1400.0,1,75.0,3.0
Stuttgart,1340.0,1,106.5,4.0
Köln,970.0,1,58.0,2.0
Köln,1072.0,1,76.0,2.0
Köln,1990.0,1,110.0,3.0
Stuttgart,570.0,1,25.0,1.0
Stuttgart,1990.0,0,85.0,3.0
Köln,1200.0,1,77.0,2.0
Köln,1899.0,1,127.5,4.0
Stuttgart,2145.0,1,121.0,4.0
Stuttgart,1300.0,1,50.0,1.0
Köln,1490.0,1,60.0,2.0
Stuttgart,850.0,0,24.0,1.0
Stuttgart,1480.0,0,55.0,2.0
Köln,900.0,0,81.0,3.0
Köln,680.0,0,42.0,2.0
Stuttgart,1680.0,1,58.0,2.0
Stuttgart,790.0,0,23.0,1.0
Köln,772.0,1,74.0,3.0
Köln,1460.0,1,85.0,3.0
Köln,2270.0,1,130.0,4.0
Köln,780.0,1,69.0,2.0
Köln,1735.0,0,90.0,3.0
Köln,724.0,1,62.5,1.0
Stuttgart,890.0,0,15.0,1.0
Köln,3030.0,0,100.0,3.0
Köln,1460.0,1,103.0,3.0
Köln,2330.0,1,145.0,3.0
Köln,1544.4,0,90.9,3.0
Köln,790.0,1,53.0,2.0
Stuttgart,1215.0,0,70.0,2.0
Stuttgart,1350.0,1,48.0,1.0
Stuttgart,1050.0,1,67.0,2.5
Stuttgart,2400.0,1,85.0,4.5
Köln,425.0,0,44.0,1.0
Köln,420.0,0,22.0,2.0
Köln,700.0,0,22.0,1.0
Stuttgart,1200.0,1,30.0,1.0
Köln,1340.0,1,50.0,2.0
Köln,557.5,0,50.0,2.0
Stuttgart,790.0,1,30.65,1.0
Stuttgart,678.0,1,20.0,1.0
Stuttgart,1415.0,1,63.0,2.0
Stuttgart,1200.0,1,66.0,2.0
Köln,1020.0,1,67.0,2.0
Stuttgart,625.0,0,20.0,1.0
Köln,1445.0,1,68.0,2.0
Köln,2426.0,1,136.0,4.0
Köln,877.0,1,63.0,2.0
Stuttgart,790.0,1,54.0,2.0
Stuttgart,870.0,1,35.0,1.0
Köln,1125.0,1,80.0,3.0
Köln,875.0,1,54.62,2.0
Köln,1077.0,1,72.0,2.0
Stuttgart,3526.0,1,156.0,3.5
Stuttgart,830.0,0,27.0,1.0
Stuttgart,1908.0,1,79.0,3.0
Köln,510.0,0,20.0,1.0
Stuttgart,1340.0,0,55.0,2.0
Stuttgart,1200.0,1,54.0,2.0
Köln,1350.0,1,82.0,2.0
Köln,860.0,0,112.0,5.0
Köln,2300.0,1,175.0,5.0
Köln,2475.0,1,102.4,3.5
Stuttgart,2449.0,1,130.63,4.0
Köln,850.0,0,56.5,2.0
Stuttgart,1980.0,1,103.0,4.0
Köln,1083.88,1,86.11,3.5
Stuttgart,2043.0,0,105.49,2.0
Stuttgart,1990.0,1,84.0,1.5
Köln,2000.0,1,105.0,4.0
Stuttgart,1520.0,1,98.0,4.0
Köln,3500.0,1,205.0,4.0
Stuttgart,615.0,0,45.0,2.0
Köln,2630.0,0,162.0,3.0
Köln,520.0,1,35.0,1.0
Köln,910.0,1,90.0,4.0
Stuttgart,2000.0,1,100.0,4.0
Köln,855.0,1,51.94,2.0
Stuttgart,2270.0,1,133.0,4.0
Köln,980.0,0,40.0,1.0
Köln,850.0,0,72.0,2.0
Stuttgart,540.0,1,55.0,2.0
Köln,620.0,0,48.0,1.0
Stuttgart,500.0,0,70.0,1.0
Stuttgart,2590.0,1,123.0,4.0
Stuttgart,880.0,0,16.0,1.0
Stuttgart,800.0,1,34.0,1.0
Köln,974.1,1,76.1,3.0
Stuttgart,850.0,1,50.0,2.0
Köln,995.0,1,60.0,2.0
Stuttgart,750.0,0,26.4,1.0
Köln,1300.0,1,86.4,3.5
Köln,980.0,1,65.0,3.0
Köln,810.0,0,17.0,1.0
Köln,765.0,1,62.0,2.0
Köln,1195.0,1,110.0,2.5
Köln,1600.0,1,57.0,2.0
Köln,1206.0,1,97.0,3.0
Stuttgart,1240.0,1,59.0,1.0
Köln,940.0,0,71.0,2.0
Stuttgart,1040.0,1,76.0,3.5
Stuttgart,2700.0,1,119.0,3.0
Köln,740.0,0,17.0,1.0
Köln,725.0,1,50.0,2.0
Köln,1060.0,0,75.0,2.0
Köln,1604.0,0,91.94,3.0
Köln,955.23,1,61.94,2.0
Köln,1575.0,1,119.2,5.0
Köln,383.0,0,32.69,1.0
Köln,1088.5,1,65.0,2.0
Stuttgart,1090.0,1,75.0,3.0
Köln,2190.0,1,160.0,3.5
Köln,1166.0,0,89.0,3.0
Köln,1554.0,1,97.55,4.0
Köln,842.0,0,64.0,2.0
Köln,1875.0,1,96.04,3.0
Köln,900.0,1,65.0,2.0
Köln,1215.0,0,98.0,2.5
Stuttgart,1870.0,1,106.0,4.5
Köln,1095.0,1,90.0,4.0
Köln,910.0,1,58.0,2.0
Köln,650.0,1,10.0,1.0
Köln,975.0,1,78.93,3.0
Stuttgart,1700.0,1,112.27,4.0
Köln,760.0,1,59.0,3.0
Stuttgart,2650.0,0,145.0,4.0
Stuttgart,1570.0,1,110.0,3.0
Stuttgart,1514.0,1,95.59,2.0
Stuttgart,1650.0,0,80.0,2.0
Köln,1950.0,1,100.0,3.0
Köln,835.0,1,68.0,3.0
Köln,2600.0,1,152.0,4.0
Köln,1060.0,1,75.0,2.0
Stuttgart,650.0,1,56.0,2.0
Stuttgart,2300.0,1,95.0,2.0
Köln,950.0,0,44.0,2.0
Köln,658.0,0,27.0,1.0
Köln,1060.0,1,60.03,2.0
Stuttgart,840.0,0,27.0,1.0
Stuttgart,1010.0,1,59.0,2.5
Köln,980.0,1,67.0,2.0
Stuttgart,2290.0,1,80.0,3.0
Köln,1933.0,1,115.0,3.0
Köln,920.0,1,65.07,2.0
Stuttgart,1700.0,1,88.0,4.0
Stuttgart,800.0,1,50.0,2.0
Köln,1540.0,0,50.0,2.0
Köln,870.26,1,69.0,2.0
Stuttgart,550.0,0,11.9,1.0
Köln,450.0,0,35.0,1.0
Köln,915.0,0,68.6,2.0
Köln,1400.0,1,92.0,4.0
Köln,625.0,0,65.0,2.0
Stuttgart,330.0,1,25.0,1.0
Köln,1120.0,1,80.0,4.0
Stuttgart,620.0,1,44.0,1.0
Stuttgart,500.0,0,33.0,1.5
Stuttgart,1650.0,1,93.0,3.0
Stuttgart,1990.0,0,85.0,3.0
Köln,740.0,1,43.0,1.0
Köln,620.0,1,40.0,2.0
Köln,2220.0,1,170.0,4.0
Köln,600.0,0,24.0,1.0
Stuttgart,1290.0,1,67.5,2.5
Köln,1725.0,0,80.0,3.0
Stuttgart,1180.0,1,70.0,2.5
Stuttgart,750.0,0,13.0,1.0
Köln,810.0,0,22.0,1.0
Stuttgart,830.0,0,27.0,1.0
Stuttgart,1755.0,0,55.0,2.0
Köln,726.0,1,54.71,2.0
Köln,650.0,0,46.0,2.0
Köln,578.0,0,26.58,1.0
Stuttgart,990.0,0,30.0,1.0
Stuttgart,3900.0,1,180.0,4.0
Köln,660.0,0,40.0,2.0
Stuttgart,2614.0,1,165.8,4.0
Köln,1295.0,1,136.0,3.0
Köln,965.0,1,65.4,3.0
Stuttgart,2190.0,0,74.0,3.0
Köln,1850.0,0,115.0,2.0
Köln,795.0,1,56.1,2.0
Köln,1040.0,0,86.0,3.0
Stuttgart,1710.0,1,86.0,3.0
Köln,1250.0,1,89.02,3.0
Köln,630.0,1,35.3,1.0
Stuttgart,2990.0,1,156.0,4.0
Köln,2120.0,1,220.0,6.0
Köln,580.0,1,43.0,1.5
Köln,1780.0,1,119.0,2.0
Köln,530.0,1,27.7,1.0
Köln,1650.0,1,110.0,3.0
Stuttgart,925.0,1,62.0,3.0
Stuttgart,1650.0,0,80.0,2.0
Köln,1600.0,1,127.0,4.0
Stuttgart,1669.0,1,80.0,3.0
Köln,895.0,1,53.0,2.0
Stuttgart,1340.0,0,71.0,3.0
Köln,1035.0,1,70.0,3.0
Köln,366.0,0,37.0,2.0
Köln,1000.0,1,70.0,3.0
Köln,1900.0,1,75.0,3.0
Köln,1150.0,1,40.0,2.0
Köln,1668.0,1,94.78,3.0
Köln,1010.0,1,90.0,3.5
Stuttgart,1640.0,1,84.0,2.5
Köln,895.0,1,55.0,2.0
Köln,540.8,0,28.8,1.0
Köln,640.0,0,35.0,2.0
Köln,1295.0,1,105.0,3.0
Köln,593.0,0,33.0,1.0
Stuttgart,1030.0,1,68.0,2.0
Köln,431.0,1,26.0,1.0
Köln,1250.0,1,66.31,3.0
Stuttgart,1900.0,0,100.0,3.5
Köln,790.0,0,30.0,1.0
Stuttgart,1480.0,1,95.0,4.0
Stuttgart,2600.0,1,145.0,4.0
Köln,1485.0,1,116.0,3.0
Köln,990.0,0,53.0,2.0
Köln,640.0,1,54.0,2.0
Köln,1020.0,1,54.68,2.0
Stuttgart,1375.0,1,81.43,2.5
Köln,1060.0,0,96.77,4.0
Köln,888.42,1,78.0,2.5
Köln,850.0,0,44.0,1.0
Köln,725.0,1,55.0,2.0
Stuttgart,780.0,0,60.0,2.5
Köln,1284.0,1,96.0,3.5
Köln,1230.0,1,85.0,3.0
Köln,720.0,1,49.0,1.0
Köln,750.0,0,30.0,1.0
Stuttgart,2460.0,1,133.0,3.0
Stuttgart,950.0,0,25.0,1.0
Stuttgart,1000.0,0,75.0,3.0
Köln,869.0,0,42.0,2.0
Stuttgart,682.0,1,35.0,1.0
Stuttgart,820.0,0,12.0,1.0
Köln,650.0,0,50.03,2.0
Stuttgart,2250.0,1,87.0,3.0
Köln,945.0,1,70.0,3.0
Stuttgart,840.0,0,14.0,1.0
Köln,1069.0,0,45.19,2.0
Stuttgart,1070.0,1,65.0,3.0
Köln,1065.0,1,75.0,3.0
Köln,482.5,0,35.0,1.0
Köln,1035.0,1,59.67,2.0
Stuttgart,1240.0,0,55.0,2.0
Köln,640.0,1,44.0,2.0
Köln,915.0,1,77.8,3.0
Köln,990.0,1,66.5,2.0
Stuttgart,1250.0,1,41.0,1.0
Köln,890.0,0,30.0,1.0
Köln,1980.0,1,107.0,3.0
Stuttgart,4565.0,1,262.0,6.0
Stuttgart,1070.0,0,64.0,2.0
Stuttgart,2616.0,1,118.0,2.0
Stuttgart,1300.0,0,46.0,2.0
Stuttgart,1400.0,1,40.0,2.0
Köln,1740.0,1,134.63,4.0
Köln,787.0,1,44.0,1.0
Stuttgart,760.0,1,26.5,1.0
Köln,2510.0,1,145.0,5.0
Stuttgart,560.0,1,13.8,1.0
Köln,2150.0,1,130.0,3.0
Köln,760.0,0,19.0,1.0
Köln,1602.0,1,93.0,3.0
Köln,692.0,1,55.7,2.0
Stuttgart,1140.0,0,54.0,2.0
Stuttgart,2160.0,1,120.0,3.5
Stuttgart,820.0,1,17.0,1.0
Köln,830.0,1,63.0,2.0
Stuttgart,590.0,1,35.0,1.0
Stuttgart,840.0,0,27.0,1.0
Stuttgart,1750.0,1,96.0,4.0
Köln,1850.0,1,116.5,3.0
Köln,899.23,1,68.3,2.5
Köln,903.5,1,50.0,2.0
Köln,1220.0,1,83.0,3.0
Stuttgart,1240.0,0,45.0,2.0
Stuttgart,830.0,1,23.0,1.0
Köln,674.0,0,27.0,1.0
Stuttgart,2200.0,0,94.0,3.5
Köln,920.0,1,60.0,2.0
Köln,767.0,1,70.29,2.0
Köln,1715.0,1,108.0,3.0
Köln,490.0,0,25.0,1.0
Köln,832.3,1,67.4,2.0
Köln,790.0,1,63.0,2.0
Köln,2925.0,1,150.0,5.0
Köln,2635.0,1,102.0,2.0
Köln,1100.0,1,72.0,2.0
Köln,1910.0,1,124.8,4.0
Köln,935.0,0,65.0,2.0
Köln,1033.0,1,82.0,3.0
Köln,803.92,1,88.12,4.5
Köln,685.0,0,33.0,1.0
Köln,1000.0,1,62.0,2.0
Stuttgart,1850.0,1,105.0,3.0
Stuttgart,3400.0,1,103.0,2.5
Köln,1800.0,1,50.0,2.0
Köln,935.0,1,74.3,3.0
Köln,3495.0,1,170.0,4.0
Stuttgart,1650.0,0,35.0,1.0
Köln,1395.0,1,92.0,2.0
Köln,1340.0,1,65.0,2.0
Stuttgart,2190.0,1,65.0,2.5
Stuttgart,760.0,1,65.0,3.0
Köln,1353.6,1,87.2,2.0
Stuttgart,1450.0,1,80.0,3.0
Köln,902.0,1,44.0,1.0
Köln,2075.0,1,127.0,3.0
Köln,2165.0,1,85.0,2.0
Köln,1490.0,1,75.0,2.0
Köln,1160.0,1,60.0,2.0
Köln,490.0,0,26.0,1.0
Köln,888.5,1,49.0,2.0
Stuttgart,900.0,1,56.7,2.0
Stuttgart,2350.0,1,83.0,3.0
Stuttgart,1850.0,1,130.0,4.5
Köln,1900.0,1,103.0,3.0
Köln,1060.0,0,60.0,2.0
Köln,610.0,0,30.0,1.0
Stuttgart,1220.0,1,82.0,3.5
Köln,475.0,1,30.0,1.0
Köln,640.0,0,67.0,3.0
Köln,2275.0,1,77.0,3.0
Köln,950.0,1,69.0,4.0
Köln,1861.0,1,92.0,3.0
Stuttgart,1020.0,1,68.0,3.0
Köln,1595.0,1,116.0,3.0
Köln,1750.0,1,100.0,3.0
Köln,790.0,0,42.0,1.0
Stuttgart,1240.0,0,55.0,2.0
Stuttgart,1580.0,1,60.0,2.0
Köln,800.0,0,41.0,2.0
Stuttgart,1350.0,1,80.0,3.0
Köln,1182.0,1,61.32,2.0
Köln,895.72,0,44.46,1.0
Stuttgart,1725.0,1,93.0,3.0
Stuttgart,685.0,0,40.0,2.0
Stuttgart,1520.0,1,53.0,2.0
Stuttgart,1300.0,1,75.0,3.0
Köln,475.0,0,33.66,2.0
Stuttgart,1576.0,1,102.0,4.0
Köln,895.0,1,50.0,2.0
Köln,510.0,1,36.9,1.0
Stuttgart,1740.0,1,80.0,2.5
Köln,1950.0,1,140.0,5.0
Stuttgart,810.0,0,57.0,3.0
Köln,2550.0,1,112.0,4.0
Köln,830.0,0,21.0,1.0
Köln,760.0,0,36.9,1.0
Köln,1099.0,1,95.8,3.0
Köln,1530.0,1,91.44,3.0
Stuttgart,705.0,0,51.0,2.0
Köln,500.5,1,43.89,1.0
Stuttgart,1760.0,1,103.0,3.0
Stuttgart,915.0,1,60.0,2.5
Köln,690.0,1,57.0,3.0
Köln,665.0,1,42.0,1.0
Stuttgart,3320.0,1,162.0,4.0
Stuttgart,2230.0,1,124.0,3.5
Köln,965.0,1,65.32,2.0
Stuttgart,1790.0,1,86.0,3.0
Stuttgart,1960.0,1,109.0,4.5
Köln,1400.0,1,65.0,3.0
Stuttgart,1470.0,1,69.0,3.0
Köln,2550.0,1,190.0,5.5
Stuttgart,620.0,0,20.0,1.0
Köln,1190.0,0,45.0,1.0
Köln,1690.0,1,90.0,3.0
Köln,1250.0,1,46.0,2.0
Köln,1690.0,1,100.0,2.0
Köln,795.0,1,24.0,1.0
Köln,1550.0,1,84.0,2.5
Stuttgart,1610.0,1,118.0,3.0
Stuttgart,1030.0,1,65.0,3.0
Stuttgart,1690.0,0,62.0,2.0
Stuttgart,940.0,1,85.0,3.0
Köln,1291.92,1,89.6,3.0
Köln,1270.0,1,85.0,2.0
Stuttgart,750.0,0,13.0,1.0
Köln,2070.0,1,111.0,3.0
Stuttgart,1500.0,0,75.0,3.0
Köln,3820.0,0,130.0,2.0
Köln,980.0,1,72.11,2.0
Köln,1695.0,1,103.0,3.0
Köln,1520.0,1,127.0,4.0
Köln,1600.0,1,108.0,4.5
Köln,550.0,1,56.0,2.0
Köln,1335.0,1,102.87,3.0
Köln,555.0,0,35.0,2.0
Köln,1120.0,1,71.0,3.0
Köln,1460.0,1,95.0,2.0
Stuttgart,880.0,0,14.0,1.0
Stuttgart,590.0,1,16.0,1.0
Köln,590.0,0,40.0,2.0
Köln,790.0,0,21.0,1.0
Stuttgart,650.0,0,15.0,1.0
Stuttgart,900.0,0,27.0,1.0
Stuttgart,1500.0,1,85.0,3.0
Köln,1200.0,1,77.0,3.0
Köln,1060.0,0,82.0,3.0
Stuttgart,2070.0,1,125.0,3.5
Köln,2990.0,1,120.0,3.0
Köln,1520.0,1,83.5,3.0
Köln,1180.0,1,97.0,4.0
Stuttgart,1350.0,1,86.0,3.5
Köln,980.0,1,68.0,2.0
Köln,616.0,1,40.0,2.0
Köln,2812.0,1,172.0,4.0
Stuttgart,2400.0,1,75.0,3.0
Köln,2520.0,0,130.0,2.0
Köln,1900.0,1,171.0,5.0
Köln,900.0,1,82.0,3.0
Köln,2090.0,0,87.0,2.0
Köln,908.0,0,74.0,4.0
Köln,1150.0,1,50.0,1.0
Köln,1290.0,1,60.0,2.0
Köln,774.0,1,65.0,3.0
Stuttgart,2630.0,1,136.0,3.0
Köln,860.0,1,53.0,2.5
Köln,1054.0,0,57.0,3.0
Köln,999.3,1,63.5,2.0
Köln,2420.0,1,153.14,3.0
Stuttgart,1600.0,0,60.0,3.0
Stuttgart,950.0,1,30.0,1.0
Köln,920.0,1,70.0,3.0
Köln,1380.0,1,71.0,2.0
Stuttgart,2850.0,0,194.0,4.5
Köln,1600.0,1,144.0,3.0
Köln,926.0,0,54.0,2.0
Köln,949.0,0,35.0,2.0
Köln,968.0,1,67.57,2.0
Stuttgart,880.0,0,73.0,3.0
Köln,1390.0,1,50.0,1.0
Stuttgart,1210.0,1,83.0,3.0
Stuttgart,1135.0,0,88.0,4.5
Köln,1100.0,0,110.0,3.0
Stuttgart,1590.0,1,83.0,4.0
Köln,510.0,1,33.9,1.0
Köln,530.0,0,30.0,1.0
Köln,835.0,0,45.2,2.0
Köln,1545.0,1,101.93,3.0
Köln,569.0,1,28.0,1.0
Stuttgart,390.0,1,25.0,1.0
Köln,790.0,1,72.0,2.0
Stuttgart,1190.0,1,35.0,1.0
Köln,1590.0,0,87.0,1.5
Köln,2000.0,1,145.0,5.0
Köln,610.0,0,50.0,2.0
Stuttgart,920.0,1,67.0,2.5
Köln,1591.0,0,97.0,3.0
Köln,640.4,0,56.3,3.0
Köln,890.0,1,60.0,2.0
Stuttgart,2390.0,0,140.0,5.5
Köln,830.0,0,24.0,1.0
Köln,900.0,0,70.0,3.0
Köln,799.0,1,26.0,1.0
Köln,914.0,1,61.4,2.0
Stuttgart,2340.0,1,130.0,3.0
Köln,390.0,0,25.0,1.0
Köln,780.0,1,65.0,2.0
Köln,550.0,1,30.0,1.0
Stuttgart,1210.0,1,55.0,2.0
Stuttgart,3000.0,1,170.0,6.0
Köln,2050.0,1,115.0,3.0
Köln,620.0,0,50.0,2.0
Stuttgart,2065.0,1,110.0,3.0
Köln,595.0,1,40.0,1.0
Stuttgart,1621.0,1,74.0,2.0
Köln,800.0,1,46.0,2.0
Köln,786.0,1,40.0,1.0
Stuttgart,1490.0,1,65.0,2.0
Köln,550.0,0,38.0,1.0
Stuttgart,1370.0,1,90.0,3.5
Stuttgart,1940.0,1,103.0,3.5
Köln,907.33,0,70.0,3.0
Stuttgart,1590.0,0,55.0,2.0
Köln,1980.0,1,125.0,3.0
Köln,815.0,0,32.0,1.0
Köln,655.0,1,53.0,2.0
Stuttgart,3300.0,0,130.0,4.5
Köln,1400.0,1,90.0,3.0
Stuttgart,2500.0,1,80.0,4.0
Köln,682.0,1,66.0,3.0
Köln,1100.0,0,74.0,3.0
Köln,630.0,0,55.0,2.0
Köln,1228.65,1,98.46,4.0
Stuttgart,1767.0,1,68.0,3.0
Stuttgart,1591.6,1,90.0,3.0
Stuttgart,1660.0,1,83.0,3.0
Köln,1130.0,1,75.0,2.0
Stuttgart,1390.0,0,40.0,2.0
Köln,1490.0,1,77.0,2.0
Köln,1141.96,1,75.59,2.0
Stuttgart,1650.0,1,69.0,3.0
Köln,1395.0,1,85.18,3.0
Köln,600.0,1,45.0,1.0
Stuttgart,1400.0,0,58.0,2.0
Stuttgart,1490.0,1,52.0,2.0
Köln,1570.0,1,130.0,4.0
Stuttgart,1590.0,1,74.0,2.0
Köln,1150.0,1,84.0,2.0
Köln,510.0,0,20.0,1.0
Köln,4950.0,1,341.0,6.0
Stuttgart,800.0,0,62.0,3.0
Köln,970.0,1,100.0,3.0
Köln,3174.0,0,187.0,5.0
Köln,1540.0,1,104.0,3.0
Köln,620.0,1,60.0,2.5
Köln,1712.8,1,92.0,4.0
Stuttgart,1610.0,1,97.0,4.0
Stuttgart,1390.0,1,78.0,2.5
Köln,1400.0,1,75.0,3.0
Köln,790.0,1,45.0,2.0
Stuttgart,2160.0,1,125.5,4.0
Köln,990.0,1,84.0,2.0
Köln,650.0,1,43.0,2.0
Köln,980.0,0,65.0,2.0
Köln,1390.0,1,100.11,3.0
Stuttgart,1050.0,1,70.0,3.0
Stuttgart,1280.0,1,81.0,2.5
Köln,1749.0,1,104.27,4.0
Köln,360.0,0,20.0,1.0
Köln,1200.0,1,108.0,4.0
Köln,1125.0,0,98.0,4.0
Stuttgart,1690.0,1,76.0,3.0
Köln,1170.0,1,78.0,3.0
Stuttgart,1495.0,1,41.0,2.0
Stuttgart,1900.0,1,108.0,4.0
Stuttgart,750.0,1,24.0,1.0
Stuttgart,1120.0,1,71.0,3.0
Köln,1425.0,0,94.0,3.0
Stuttgart,1900.0,0,134.0,4.5
Köln,1000.0,1,82.0,3.0
Stuttgart,730.36,1,69.1,3.0
Stuttgart,440.0,0,33.0,1.0
Köln,870.0,0,61.0,2.0
Köln,1990.0,1,74.0,2.0
Köln,924.0,0,89.0,3.0
Stuttgart,2045.0,1,105.0,3.5
Stuttgart,2150.0,1,136.0,3.5
Köln,400.0,0,41.0,2.0
Stuttgart,2259.0,1,108.0,4.0
Köln,710.0,1,56.7,2.0
Stuttgart,4790.0,1,213.0,4.0
Köln,955.0,1,74.0,3.0
Köln,975.0,1,90.0,4.0
Köln,1325.0,1,75.0,2.0
Köln,1496.0,1,85.0,2.5
Köln,1120.0,0,70.0,3.0
Köln,500.0,1,39.0,1.0
Köln,800.0,1,55.0,2.0
Stuttgart,1550.0,0,60.0,2.0
Stuttgart,3150.0,1,157.0,6.0
Stuttgart,1700.0,0,90.0,3.5
Köln,1380.0,1,126.0,4.0
Köln,970.0,1,74.0,2.5
Stuttgart,1834.0,1,114.0,4.0
Köln,998.0,1,61.0,2.0
Köln,1025.0,1,85.24,3.0
Stuttgart,1290.0,1,52.0,2.0
Stuttgart,1090.0,0,58.0,3.5
Köln,2150.0,1,155.0,5.0
Köln,1174.0,1,71.0,3.0
Köln,639.0,1,58.0,2.0
Köln,612.5,0,47.0,2.0
Köln,900.0,1,68.0,2.0
Stuttgart,2620.0,1,128.88,4.0
Stuttgart,1079.0,0,34.0,1.0
Stuttgart,2100.0,1,104.0,3.5
Stuttgart,640.0,1,38.0,1.0
Stuttgart,2200.0,1,108.0,4.0
Köln,382.0,1,26.0,1.0
Köln,810.0,1,50.0,2.0
Köln,825.0,0,33.0,1.0
Stuttgart,1300.0,1,74.0,3.0
Stuttgart,830.0,0,18.0,1.0
Stuttgart,3500.0,1,135.0,4.0
Köln,1190.0,0,42.0,2.0
Köln,2200.0,1,120.0,2.0
Köln,759.0,1,37.5,1.0
Stuttgart,890.0,1,31.0,1.0
Köln,800.0,1,47.0,2.5
Köln,720.0,1,61.0,2.0
Köln,470.0,1,44.0,2.0
Stuttgart,900.0,0,29.0,1.0
Köln,2500.0,1,170.0,5.0
Köln,1595.0,1,78.0,3.0
Stuttgart,630.0,0,55.0,2.0
Köln,3000.0,1,134.0,3.0
Köln,530.0,1,30.0,1.0
Köln,965.0,1,65.32,2.0
Stuttgart,1625.0,0,77.0,2.0
Köln,1100.0,1,85.0,3.0
Köln,820.0,0,36.9,1.0
Köln,1420.0,0,92.0,3.0
Köln,780.0,0,18.0,1.0
Köln,834.55,1,37.0,2.0
Köln,1900.0,1,102.2,3.0
Köln,1550.0,0,92.0,2.0
Köln,720.0,0,24.45,1.0
Köln,2455.0,1,143.5,4.0
Stuttgart,2650.0,0,85.0,3.0
Köln,1043.69,0,65.52,2.0
Köln,610.0,0,22.0,1.0
Köln,1689.0,1,103.0,4.0
Stuttgart,950.0,1,34.0,1.0
Stuttgart,4422.0,1,261.0,6.0
Köln,795.0,1,36.0,1.0
Köln,1400.0,1,80.5,2.0
Stuttgart,1350.0,1,58.0,2.0
Stuttgart,1060.0,1,51.0,2.0
Köln,1570.0,1,63.0,2.0
Köln,550.0,1,25.0,1.0
Stuttgart,760.0,0,12.0,1.0
Köln,930.0,0,71.0,2.0
Köln,935.0,0,70.0,3.0
Köln,850.0,1,78.0,3.0
Köln,1050.0,0,34.0,2.0
Köln,1850.0,1,129.7,4.0
Stuttgart,890.0,1,30.0,1.0
Köln,810.0,0,72.0,2.0
Köln,1179.0,0,30.0,1.0
Stuttgart,960.0,1,72.0,3.0
Köln,1620.0,1,56.0,3.0
Stuttgart,2790.58,1,152.26,3.0
Köln,1190.0,0,69.0,3.0
Stuttgart,1760.0,1,75.0,2.5
Köln,1798.0,1,144.0,5.0
Köln,1070.0,1,100.0,3.0
Stuttgart,1505.0,1,73.3,3.0
Köln,920.0,1,52.0,1.0
Stuttgart,3500.0,1,135.0,4.0
Stuttgart,1830.0,0,135.0,4.0
Köln,1100.0,1,90.0,3.0
Stuttgart,1690.0,1,73.0,3.0
Stuttgart,1560.0,1,76.3,3.0
Stuttgart,1790.0,0,65.0,3.0
Köln,1798.0,1,129.0,3.5
Köln,1520.0,1,91.0,3.0
Köln,520.0,0,48.0,2.0
Stuttgart,1090.0,1,90.0,3.0
Stuttgart,2150.0,0,98.0,3.0
Köln,1590.0,0,105.0,3.0
Stuttgart,820.0,1,17.0,1.0
Köln,1120.0,1,93.0,4.0
Köln,740.0,0,17.0,1.0
Köln,670.0,1,41.0,1.5
Köln,449.0,0,27.0,1.0
Stuttgart,1700.0,1,95.0,3.0
Stuttgart,1850.0,1,90.0,2.5
Stuttgart,1275.0,1,89.0,3.0
Stuttgart,2500.0,1,170.0,3.0
Köln,960.0,1,69.43,3.0
Köln,670.0,0,60.0,2.0
Stuttgart,1780.0,0,75.0,2.5
Köln,780.0,0,19.0,1.0
Köln,750.0,0,47.0,2.0
Köln,499.5,0,36.5,2.0
Köln,937.0,1,65.82,2.0
Köln,990.0,1,68.94,2.0
Köln,800.0,1,80.0,3.0
Köln,920.0,1,73.0,3.0
Stuttgart,590.0,0,19.3,1.0
Köln,559.0,1,26.0,1.0
Stuttgart,990.0,0,70.0,2.0
Stuttgart,2410.0,1,148.0,5.0
Köln,890.0,1,46.0,2.0
Köln,1080.0,1,47.1,2.0
Köln,1280.0,1,78.0,3.0
Köln,735.0,0,59.87,2.0
Stuttgart,1035.0,1,54.0,2.0
Stuttgart,1490.0,1,48.0,2.0
Stuttgart,960.0,0,22.0,1.0
Köln,410.0,0,25.0,1.0
Köln,891.15,1,95.0,4.0
Köln,2400.0,0,185.0,4.0
Köln,3600.0,1,200.0,4.5
Stuttgart,2035.0,1,117.0,2.5
Stuttgart,1110.0,0,52.0,2.0
Köln,615.0,1,58.0,2.0
Köln,1200.0,1,67.0,2.0
Köln,750.0,1,36.0,1.0
Köln,2650.0,1,174.0,4.0
Stuttgart,1490.0,1,63.0,2.0
Stuttgart,1990.0,1,160.0,5.5
Köln,1855.75,0,119.3,4.0
Köln,1260.0,0,69.0,2.0
Stuttgart,950.0,0,22.0,1.0
Stuttgart,1450.0,1,54.0,2.0
Stuttgart,680.0,0,23.0,1.0
Köln,1076.25,1,95.52,4.5
Stuttgart,920.0,1,40.0,1.0
Köln,1580.0,1,84.0,2.0
Köln,685.0,0,39.0,2.0
Stuttgart,650.0,0,42.0,2.0
Stuttgart,1738.0,1,86.0,2.0
Köln,2460.0,1,128.6,3.0
Stuttgart,570.0,0,25.0,1.0
Köln,925.0,1,62.0,2.0
Köln,600.0,1,42.0,1.0
Köln,1960.0,1,110.0,4.0
Köln,903.5,1,50.0,2.0
Stuttgart,1300.0,0,74.1,3.0
Köln,2540.0,1,110.0,2.0
Köln,3820.0,1,206.0,5.5
Köln,2005.0,1,130.0,3.5
Stuttgart,1450.0,1,60.0,2.0
Stuttgart,1539.0,1,86.0,3.0
Stuttgart,1565.0,0,93.6,3.0
Köln,1380.0,1,98.51,3.0
Stuttgart,1350.0,0,86.0,3.0
Köln,1500.0,1,115.03,3.0
Köln,4150.0,1,216.0,4.0
Köln,568.0,1,34.25,1.0
Köln,2000.0,1,104.79,3.0
Stuttgart,1130.0,1,67.0,3.0
Stuttgart,850.0,0,25.0,1.0
Köln,910.0,0,52.0,2.0
Köln,1380.0,1,82.0,3.0
Köln,1415.0,1,94.0,3.0
Stuttgart,1290.0,0,48.0,1.0
Stuttgart,2795.0,1,140.0,4.0
Köln,735.0,1,59.0,2.0
Köln,545.0,0,23.95,1.0
Stuttgart,1620.0,0,90.0,3.0
Stuttgart,1700.0,1,105.0,3.0
Köln,955.0,1,65.07,2.0
Köln,650.0,0,35.0,1.0
Stuttgart,2250.0,1,195.0,5.0
Köln,4750.0,1,207.0,4.0
Stuttgart,450.0,0,30.0,1.0
Stuttgart,1690.0,1,92.0,3.0
Köln,2850.0,1,150.0,5.0
Köln,855.0,1,64.0,2.0
Köln,1595.0,1,110.0,3.0
Köln,796.0,0,56.0,2.0
Stuttgart,3280.0,1,160.0,5.0
Stuttgart,1720.0,0,116.0,4.0
Stuttgart,2640.0,1,122.0,5.0
Köln,1120.0,1,52.0,2.0
Köln,725.0,0,37.0,1.0
Köln,1900.0,0,110.0,3.0
Köln,420.0,1,25.0,1.0
Stuttgart,810.0,0,33.0,2.0
Köln,1200.0,0,39.0,2.0
Köln,1460.3,1,105.39,3.0
Köln,2920.0,1,142.0,3.0
Köln,4000.0,1,166.0,4.0
Stuttgart,1235.0,1,84.0,4.0
Stuttgart,1990.0,1,100.0,3.5
Stuttgart,640.0,1,24.2,1.0
Köln,1770.0,1,140.0,2.0
Stuttgart,1400.0,0,99.6,4.0
Köln,750.0,1,46.22,1.0
Köln,1010.0,1,72.0,3.0
Köln,760.0,0,58.0,2.0
Köln,750.0,0,58.0,2.0
Köln,720.0,1,50.0,1.0
Köln,815.0,0,47.0,2.0
Köln,1515.0,0,103.0,4.0
Stuttgart,3050.0,1,120.0,4.0
Stuttgart,1690.0,1,101.32,3.0
Stuttgart,2259.0,1,108.0,4.0
Köln,493.71,1,63.0,2.0
Stuttgart,2259.0,1,103.0,4.0
Köln,810.0,0,54.0,2.0
Köln,1300.0,1,55.0,2.0
Köln,642.0,1,58.0,2.0
Stuttgart,1600.0,1,95.0,3.0
Köln,1710.8,0,123.53,5.0
Köln,398.8,1,41.0,1.0
Stuttgart,1050.0,1,74.0,3.0
Köln,775.0,1,54.0,2.0
Stuttgart,1050.0,0,32.7,1.5
Stuttgart,1100.0,0,43.9,2.0
Köln,2390.0,0,168.0,4.0
Stuttgart,2450.0,0,128.0,3.5
Stuttgart,810.0,1,50.0,2.5
Stuttgart,1490.0,0,65.0,2.0
Köln,2250.0,1,146.0,3.0
Köln,995.0,1,69.0,2.0
Stuttgart,1430.0,1,108.0,3.0
Stuttgart,2190.0,1,100.0,4.0
Köln,870.0,1,58.0,2.0
Köln,1826.5,1,73.06,2.0
Köln,595.0,1,23.0,1.0
Köln,779.0,1,77.0,3.0
Köln,1486.04,1,79.6,2.0
Köln,521.67,1,62.0,2.0
Köln,1150.0,0,71.0,3.0
Stuttgart,980.0,1,38.0,1.5
Köln,1900.0,1,114.27,3.5
Stuttgart,1000.0,1,69.0,1.5
Köln,3160.0,1,235.0,5.0
Stuttgart,1120.0,0,87.0,2.0
Köln,1630.0,1,120.0,3.0
Köln,540.0,1,25.0,1.0
Köln,750.0,0,33.0,1.5
Köln,1200.0,1,60.0,2.0
Stuttgart,950.0,0,60.0,2.5
Köln,1110.0,1,48.0,1.0
Stuttgart,2090.0,1,55.0,2.0
Stuttgart,695.0,0,22.0,1.0
Stuttgart,630.0,1,18.0,1.0
Köln,650.0,1,34.0,1.0
Köln,420.0,0,28.0,1.0
Köln,1980.0,1,180.0,4.0
Köln,545.0,0,39.0,2.0
Stuttgart,1300.0,1,55.0,2.0
Köln,1040.0,1,87.0,3.0
Köln,980.0,1,81.0,3.0
Köln,650.0,0,61.0,2.0
Köln,1970.0,1,130.0,3.0
Köln,743.0,0,55.0,2.0
Köln,780.0,0,60.0,2.0
Köln,3500.0,1,160.0,2.0
Köln,1556.27,1,112.0,3.0
Köln,800.0,0,55.0,2.0
Köln,4336.0,1,208.0,4.0
Stuttgart,1650.0,1,95.0,3.5
Köln,1400.0,1,86.0,3.0
Stuttgart,720.0,0,30.0,1.0
Stuttgart,2230.0,1,85.0,3.0
Stuttgart,1290.0,1,30.0,1.0
Stuttgart,1390.0,0,45.0,2.0
Stuttgart,1100.0,1,78.0,2.5
Stuttgart,1400.0,1,80.0,2.5
Köln,1500.0,1,100.0,3.0
Stuttgart,892.64,1,78.3,4.0
Stuttgart,1665.0,1,114.0,3.0
Köln,1799.0,1,126.0,4.0
Köln,2350.0,1,172.68,3.0
Stuttgart,1800.0,0,110.0,4.0
Köln,1153.36,1,74.0,3.0
Köln,649.0,1,26.0,1.0
Köln,664.0,0,48.0,2.0
Köln,610.0,1,36.0,1.5
Köln,1300.0,1,86.0,3.0
Köln,1400.0,1,134.0,4.0
Stuttgart,770.0,1,41.0,1.5
Köln,1650.0,0,128.0,4.0
Köln,900.0,0,58.0,2.0
Köln,1120.0,1,58.0,2.0
Stuttgart,760.24,1,42.83,2.0
Stuttgart,375.0,0,17.0,1.0
Köln,465.0,0,17.0,1.0
Köln,1080.0,1,97.0,3.0
Stuttgart,1260.0,0,75.0,2.0
Köln,970.0,1,51.0,1.0
Stuttgart,980.0,0,84.0,5.0
Köln,1790.0,1,110.0,4.0
Stuttgart,2080.0,0,88.0,2.0
Stuttgart,650.0,0,35.0,1.0
Stuttgart,1300.0,1,73.0,3.0
Köln,1241.0,1,83.0,3.0
Köln,525.0,1,20.0,1.0
Köln,1940.0,1,115.0,3.0
Köln,997.0,0,55.0,2.0
Köln,1170.0,1,77.0,2.0
Stuttgart,750.0,0,65.0,2.5
Stuttgart,2600.0,0,100.0,4.0
Köln,3900.0,1,186.0,4.0
Stuttgart,4380.0,1,142.0,4.5
Stuttgart,2190.0,0,114.0,2.0
Köln,1140.0,1,80.0,3.0
Köln,1325.0,1,101.0,2.0
Köln,1680.0,1,104.0,4.0
Stuttgart,2800.0,1,123.0,5.0
Stuttgart,670.0,1,64.82,3.0
Köln,660.0,1,69.0,3.0
Köln,1195.0,1,80.1,3.0
Köln,990.0,1,91.0,4.0
Stuttgart,765.0,0,14.0,1.0
Stuttgart,780.0,1,18.0,1.0
Stuttgart,2006.0,1,102.0,3.0
Köln,1350.0,1,78.0,2.0
Köln,725.0,1,50.0,1.5
Stuttgart,1665.0,1,114.0,3.0
Köln,974.0,1,80.0,3.0
Köln,1350.0,0,80.0,2.0
Stuttgart,1300.0,1,74.0,3.0
Stuttgart,1890.0,1,62.0,2.5
Köln,575.0,0,53.0,3.0
Köln,1000.0,1,59.0,2.0
Stuttgart,749.8,1,51.9,2.0
Stuttgart,720.0,0,11.0,1.0
Köln,1509.75,1,92.5,2.5
Stuttgart,1050.0,1,47.0,1.5
Stuttgart,820.0,1,20.0,1.0
Stuttgart,810.0,0,30.0,1.0
Köln,1750.0,0,68.0,2.0
Köln,820.0,1,64.0,2.0
Stuttgart,650.0,0,38.0,1.0
Köln,599.0,0,17.69,1.0
Stuttgart,1229.0,0,72.0,3.5
Köln,500.0,0,30.0,1.0
Köln,990.0,1,36.0,1.0
Stuttgart,1250.0,1,41.0,1.0
Stuttgart,790.0,1,19.0,1.0
Stuttgart,2490.0,1,105.0,3.0
Köln,1053.0,1,67.14,3.0
Köln,1589.0,1,96.4,4.0
Köln,1190.0,1,49.0,1.5
Köln,1450.0,1,100.0,4.0
Köln,989.25,1,75.0,3.0
Stuttgart,2650.0,0,80.0,3.0
Köln,2261.0,1,131.3,4.0
Köln,1530.0,1,145.0,3.0
Stuttgart,463.62,1,49.83,2.0
Köln,1200.0,1,80.98,3.0
Köln,1195.0,1,97.0,3.0
Köln,781.32,1,68.73,2.0
Köln,1830.0,1,133.0,5.0
Köln,490.0,0,19.0,1.0
Stuttgart,1600.0,0,75.0,3.0
Köln,1047.0,1,69.43,3.0
Köln,856.0,0,64.0,3.0
Köln,1365.0,1,85.0,3.0
Stuttgart,2300.0,1,175.0,3.0
Köln,1030.0,0,81.0,3.0
Köln,740.0,1,56.0,2.0
Köln,750.0,0,48.5,1.0
Stuttgart,870.0,0,16.0,1.0
Köln,1050.0,1,73.0,2.5
Köln,1150.0,0,95.0,3.0
Köln,595.0,1,40.0,1.0
Stuttgart,1990.0,1,85.0,3.0
Stuttgart,2150.0,0,110.0,3.0
Stuttgart,1610.0,1,85.0,3.0
Stuttgart,2465.0,1,95.0,3.0
Stuttgart,1380.0,1,74.5,3.0
Stuttgart,1170.0,1,75.0,3.0
Köln,830.0,0,20.0,1.0
Köln,740.0,1,51.0,2.0
Köln,890.0,1,73.0,3.0
Köln,1740.0,1,90.0,3.0
Köln,1182.0,1,61.32,2.0
Köln,2556.0,1,154.0,3.0
Köln,880.0,0,58.55,3.0
Köln,1160.0,1,65.0,2.0
Köln,610.0,1,56.0,2.0
Köln,1350.0,1,69.0,3.0
Stuttgart,1460.0,1,98.0,4.0
Stuttgart,2540.0,1,180.0,5.0
Stuttgart,1050.0,1,80.0,3.0
Stuttgart,1390.0,1,50.0,2.0
Stuttgart,1800.0,0,63.0,3.0
Köln,889.0,1,63.0,2.0
Stuttgart,750.0,0,30.0,1.0
Stuttgart,1450.0,1,59.0,2.0
Köln,1590.0,1,93.8,3.0
Köln,350.0,0,15.0,1.0
Köln,730.0,0,29.0,1.0
Köln,900.0,1,62.0,2.0
Köln,1180.0,0,53.0,2.0
Köln,766.5,0,53.0,2.0
Stuttgart,1190.0,0,32.0,1.0
Köln,1020.0,1,86.0,3.0
Stuttgart,1050.0,0,50.0,2.0
Köln,685.0,0,60.0,3.0
Köln,699.0,0,18.0,1.0
Stuttgart,1100.0,1,74.0,2.5
Stuttgart,2080.0,1,102.0,2.0
Köln,730.0,0,64.0,2.0
Köln,966.0,1,65.32,2.0
Köln,968.0,1,67.57,2.0
Köln,930.0,1,65.0,2.0
Köln,1680.0,1,108.0,3.0
Köln,1016.8,1,65.6,2.0
Köln,1540.0,1,135.6,4.0
Stuttgart,2190.0,0,110.0,4.0
Köln,1300.0,1,75.0,2.0
Stuttgart,830.0,0,24.0,1.0
Köln,750.0,1,49.0,1.5
Köln,1655.0,1,91.0,3.0
Köln,2000.0,1,125.0,3.0
Köln,1435.03,1,90.75,3.0
Stuttgart,1520.0,1,51.0,2.0
Stuttgart,870.0,0,17.0,1.0
Köln,1264.0,0,90.0,2.0
Köln,1090.0,1,89.0,3.5
Stuttgart,1392.0,1,69.0,2.0
Köln,1490.0,1,95.0,3.0
Köln,1099.0,1,60.0,2.0
Stuttgart,1290.0,0,60.0,2.0
Köln,2524.18,1,169.0,4.0
Stuttgart,2350.0,0,97.0,3.0
Köln,840.0,1,72.26,3.0
Stuttgart,3650.0,0,207.0,5.0
Köln,1298.0,1,80.0,3.0
Stuttgart,1790.0,1,75.0,3.0
Köln,510.0,0,43.0,1.0
Köln,460.0,0,14.0,1.0
Stuttgart,2050.0,1,96.0,2.5
Köln,2371.0,1,155.37,5.5
Köln,1053.6,1,67.2,2.0
Stuttgart,550.0,0,25.0,1.0
Köln,950.0,1,50.0,2.0
Köln,1200.0,1,81.82,3.0
Köln,1160.0,1,65.21,3.0
Stuttgart,1199.0,1,65.77,2.0
Stuttgart,800.0,0,60.0,3.0
Stuttgart,1100.0,1,65.0,2.5
Köln,640.0,0,32.0,1.0
Köln,1600.0,1,127.0,4.0
Köln,2272.0,1,120.0,4.0
Stuttgart,1175.0,1,51.0,2.0
Köln,615.0,0,50.0,2.0
Stuttgart,895.0,1,58.0,2.0
Köln,1575.0,1,130.0,4.0
Köln,1230.0,1,81.15,3.0
Köln,854.0,1,58.0,2.0
Stuttgart,1250.0,1,40.0,1.0
Köln,600.0,0,30.0,1.0
Stuttgart,770.0,1,32.0,1.0
Stuttgart,1490.0,1,60.0,2.0
Köln,985.0,1,86.0,3.0
Stuttgart,1400.0,0,55.0,2.5
Stuttgart,2986.95,1,145.92,3.0
Stuttgart,1300.0,1,60.0,2.5
Stuttgart,2600.0,1,145.0,4.0
Stuttgart,1220.0,1,56.0,1.0
Stuttgart,1550.0,1,70.0,3.0
Köln,1140.0,1,74.0,3.0
Köln,765.0,1,60.0,2.0
Stuttgart,2550.0,1,155.0,6.0
Köln,695.0,0,22.0,1.0
Köln,2540.0,1,100.0,2.0
Stuttgart,1650.0,0,60.0,2.0
Köln,600.0,0,28.0,1.0
Stuttgart,2800.0,1,209.0,2.5
Köln,799.0,0,34.0,1.0
Köln,1460.0,1,100.0,3.5
Köln,875.0,1,75.0,3.0
Köln,1660.0,1,89.0,3.0
Köln,980.0,0,65.0,1.5
Stuttgart,545.0,1,20.0,1.0
Stuttgart,1150.0,1,56.0,2.0
Köln,1490.0,1,95.0,3.5
Stuttgart,700.0,1,21.0,1.0
Stuttgart,920.0,0,66.0,3.0
Köln,860.0,1,70.0,2.0
Stuttgart,830.0,1,68.0,3.0
Stuttgart,1250.0,0,45.0,2.0
Stuttgart,1490.0,0,55.0,2.0
Köln,995.0,1,60.0,2.0
Köln,990.0,0,52.0,2.0
Köln,1500.0,1,112.0,4.0
Stuttgart,1490.0,1,60.0,2.0
Köln,1370.0,1,93.0,4.0
Stuttgart,1000.0,1,78.0,3.0
Stuttgart,585.0,1,19.0,1.0
Stuttgart,1030.0,1,54.0,2.0
Köln,795.0,1,65.0,2.0
Stuttgart,1630.0,1,93.46,4.0
Stuttgart,690.0,0,22.0,1.0
Köln,870.0,1,47.0,2.0
Stuttgart,1935.0,1,104.26,4.0
Köln,604.05,0,51.77,3.5
Stuttgart,1450.0,1,60.0,2.0
Köln,795.0,0,65.0,2.0
Köln,2475.0,1,163.0,5.0
Stuttgart,880.0,0,14.0,1.0
Köln,1038.87,1,86.69,3.5
Stuttgart,1650.0,1,90.0,3.0
Köln,820.0,1,56.2,2.0
Stuttgart,1200.0,0,52.0,2.0
Köln,1557.0,1,131.0,4.0
Köln,1450.0,1,95.32,3.5
Stuttgart,535.0,1,28.0,1.0
Köln,1394.0,1,94.0,3.0
Stuttgart,990.0,1,34.0,1.5
Stuttgart,1520.0,1,57.15,2.0
Köln,880.0,1,55.0,2.0
Stuttgart,655.0,1,16.0,1.0
Stuttgart,1520.0,0,78.0,3.0
Stuttgart,1670.0,1,80.0,3.0
Stuttgart,550.0,0,12.4,1.0
Köln,1390.0,1,88.0,2.0
Stuttgart,785.0,1,29.29,1.0
Stuttgart,1386.0,1,105.0,3.0
Köln,950.0,0,68.0,2.0
Köln,1440.0,0,91.0,3.0
Köln,700.0,0,50.0,2.0
Stuttgart,2850.0,1,160.0,5.0
Köln,1755.0,1,102.0,4.0
Köln,865.0,1,60.0,2.0
Stuttgart,790.0,1,17.0,1.0
Stuttgart,2120.0,1,88.79,3.0
Köln,2750.0,1,133.0,3.0
Stuttgart,1380.0,0,81.0,2.0
Köln,935.0,0,55.0,2.0
Köln,2490.0,1,100.0,3.0
Stuttgart,800.0,1,35.0,1.0
Stuttgart,1490.0,1,54.0,2.0
Köln,770.0,1,55.0,2.0
Köln,1841.0,1,117.84,3.5
Stuttgart,2600.0,1,135.0,4.0
Stuttgart,1170.0,1,88.0,3.5
Köln,1000.0,1,50.0,2.0
Stuttgart,1590.0,1,84.43,3.0
Köln,1350.0,1,71.0,3.0
Köln,1050.0,1,77.51,3.0
Köln,905.4,1,51.1,1.0
Köln,2337.0,1,139.7,4.0
Stuttgart,1350.0,0,80.0,2.0
Köln,1522.5,1,105.0,3.0
Köln,1570.0,1,87.0,2.0
Köln,2120.0,0,139.0,3.0
Köln,1000.0,1,77.0,3.0
Stuttgart,820.0,1,20.0,1.0
Stuttgart,600.0,0,16.0,1.0
Stuttgart,1550.0,1,72.0,3.0
Stuttgart,2300.0,0,135.0,3.0
Köln,1070.0,0,83.0,4.0
Stuttgart,450.0,0,9.2,1.0
Stuttgart,950.0,1,30.0,1.0
Stuttgart,1000.0,1,54.0,2.0
Köln,850.0,0,71.0,3.0
Stuttgart,1660.0,1,81.66,3.0
Köln,1800.0,1,130.0,4.0
Stuttgart,1855.0,0,80.0,3.0
Stuttgart,1745.0,0,80.0,3.0
Köln,780.0,1,68.0,3.0
Köln,940.0,1,72.64,3.0
Köln,680.0,1,30.0,1.0
Köln,1355.0,1,73.0,2.0
Stuttgart,860.0,0,34.0,1.0
Stuttgart,1398.0,0,67.92,2.0
Stuttgart,2300.0,1,106.0,3.5
Köln,500.0,1,36.0,1.5
Köln,3400.0,1,232.0,5.0
Köln,870.0,1,70.42,2.0
Stuttgart,1590.0,0,70.0,2.5
Köln,880.0,0,80.0,3.0
Stuttgart,2140.0,1,126.77,4.0
Stuttgart,1400.0,1,40.0,2.0
Köln,1250.0,1,100.0,3.5
Köln,330.0,0,18.0,1.0
Köln,815.0,1,40.67,1.5
Köln,990.0,1,76.0,3.0
Köln,920.0,1,84.0,3.0
Stuttgart,1750.4,0,113.6,3.0
Stuttgart,2506.0,1,131.82,3.0
Köln,570.0,0,26.0,1.0
Stuttgart,960.0,0,22.0,1.0
Stuttgart,561.67,0,17.0,1.0
Köln,810.0,1,72.0,3.0
Köln,955.23,1,61.94,2.0
Köln,1020.0,1,74.0,2.0
Stuttgart,625.0,1,15.0,1.0
Stuttgart,1203.0,1,70.0,2.0
Köln,550.0,0,48.0,1.0
Köln,915.0,0,83.5,2.0
Köln,876.5,1,68.0,2.0
Stuttgart,850.0,0,24.0,1.0
Stuttgart,930.0,1,55.0,1.5
Köln,900.0,0,79.0,3.0
Stuttgart,1950.0,1,100.0,2.0
Köln,1080.0,1,91.0,3.0
Köln,800.0,1,55.0,2.0
Köln,880.0,1,84.0,3.0
Köln,756.0,0,48.0,2.0
Köln,1125.0,1,78.0,3.0
Stuttgart,1800.0,1,85.0,3.0
Köln,1625.0,0,95.0,4.0
Stuttgart,1650.0,0,60.0,2.0
Köln,695.0,0,44.0,1.0
Köln,1140.0,1,42.0,2.0
Köln,500.0,0,10.7,1.0
Stuttgart,1590.0,1,62.0,2.5
Köln,740.0,0,59.0,3.0
Köln,1190.0,0,48.0,1.0
Köln,730.0,1,58.04,2.0
Köln,790.0,0,28.0,1.0
Köln,664.93,1,49.26,2.0
Köln,870.0,1,90.0,3.5
Köln,1350.0,1,91.0,3.0
Stuttgart,1490.0,1,75.0,3.0
Stuttgart,1100.0,0,36.0,1.0
Stuttgart,1490.0,0,55.0,2.0
Köln,960.0,1,69.0,2.0
Stuttgart,1331.0,1,40.0,1.0
Köln,1310.0,1,87.9,3.0
Stuttgart,3500.0,1,204.0,4.0
Köln,1148.0,0,53.95,1.0
Stuttgart,2125.0,1,115.0,3.0
Köln,995.0,1,70.0,3.0
Stuttgart,1420.0,0,89.0,3.0
Köln,745.0,1,66.7,2.0
Stuttgart,2110.0,1,99.6,2.0
Köln,1315.0,1,91.75,3.0
Köln,1169.0,1,101.0,4.0
Köln,904.5,0,63.0,3.0
Stuttgart,3000.0,1,154.0,4.0
Stuttgart,1200.0,1,71.0,2.0
Stuttgart,1800.0,1,100.0,3.0
Stuttgart,2140.0,1,100.89,4.0
Köln,799.0,0,35.45,1.0
Köln,1640.0,1,95.72,3.5
Stuttgart,970.0,1,70.0,3.5
Köln,640.0,0,40.0,2.0
Stuttgart,1600.0,1,50.0,2.0
Stuttgart,1100.0,1,39.0,1.0
Stuttgart,1200.0,1,75.0,3.5
Stuttgart,1910.0,1,92.0,2.0
Stuttgart,510.0,0,30.0,1.0
Stuttgart,1050.0,0,70.0,3.0
Stuttgart,1700.0,1,75.0,2.0
Stuttgart,350.0,0,22.0,1.0
Köln,1640.0,1,70.0,2.0
Köln,1665.0,0,106.85,4.0
Stuttgart,920.0,1,17.0,1.0
Stuttgart,1580.0,0,65.0,3.0
Köln,650.0,1,37.0,1.0
Stuttgart,580.0,0,11.0,1.0
Köln,1040.0,1,112.0,4.0
Köln,1580.0,0,110.0,4.0
Köln,2039.0,1,171.0,5.0
Köln,1290.0,1,40.0,1.0
Köln,1150.0,1,87.0,2.0
Stuttgart,1250.0,1,74.37,3.0
Stuttgart,1400.0,0,67.0,2.0
Köln,780.0,0,65.0,2.0
Köln,790.0,0,56.0,2.0
Köln,1438.0,1,65.0,2.0
Köln,1478.0,0,69.92,2.0
Köln,1500.0,1,80.0,2.0
Köln,1290.0,1,40.0,1.0
Köln,625.0,1,52.0,2.0
Köln,540.0,0,38.0,1.5
Stuttgart,1350.0,1,49.5,2.0
Köln,1390.0,1,46.0,1.0
Köln,936.0,0,52.0,2.0
Köln,1270.0,0,90.0,3.0
Köln,1340.0,1,85.0,3.0
Stuttgart,2000.0,1,101.0,2.5
Köln,690.0,1,26.0,1.0
Köln,1057.0,1,93.0,3.0
Köln,490.0,1,32.0,1.0
Stuttgart,1660.0,1,90.0,3.0
Köln,900.0,1,84.0,3.0
Köln,1110.0,1,83.0,4.0
Stuttgart,1850.0,1,74.0,2.5
Stuttgart,2810.0,1,130.0,4.0
Stuttgart,2365.0,1,120.0,4.0
Stuttgart,1700.0,1,68.0,2.5
Stuttgart,2650.0,0,140.0,4.0
Köln,350.0,0,15.0,1.0
Stuttgart,2695.0,1,117.0,3.5
Köln,450.0,1,20.0,1.0
Köln,1735.0,0,90.0,3.0
Köln,1140.0,1,76.0,3.0
Köln,1125.5,1,77.0,3.0
Stuttgart,1260.0,1,75.8,3.0
Stuttgart,1490.0,0,65.0,2.0
Stuttgart,1260.0,1,58.9,1.5
Stuttgart,2240.0,1,107.0,4.0
Stuttgart,2110.0,1,125.0,4.0
Köln,905.0,1,44.0,2.0
Köln,600.0,1,42.0,2.0
Stuttgart,1490.0,1,48.0,2.0
Stuttgart,1095.0,0,60.0,3.0
Stuttgart,1490.0,0,50.0,1.0
Köln,1350.0,1,80.0,3.0
Köln,1372.0,0,68.0,2.0
Stuttgart,1950.0,1,82.0,2.5
Stuttgart,510.0,0,13.0,1.0
Köln,951.2,1,70.91,3.0
Stuttgart,1470.0,1,80.0,3.0
Stuttgart,2276.0,1,96.0,3.0
Stuttgart,830.0,0,23.0,1.0
Stuttgart,1550.0,0,104.0,2.0
Köln,745.27,1,43.02,1.0
Köln,860.0,0,32.0,1.0
Köln,730.0,0,63.0,3.0
Stuttgart,770.0,1,38.0,2.0
Köln,1193.52,1,57.3,2.0
Stuttgart,760.0,1,28.0,1.0
Köln,675.0,0,29.0,1.0
Stuttgart,2440.0,1,164.0,6.5
Köln,2610.0,1,148.27,4.0
Köln,875.0,1,38.0,1.5
Köln,800.0,1,75.07,3.0
Stuttgart,870.0,0,17.0,1.0
Köln,1060.0,1,66.08,2.0
Köln,980.0,0,65.0,2.0
Stuttgart,645.0,1,42.0,2.0
Köln,880.0,1,63.0,2.0
Köln,1620.0,1,98.0,3.0
Stuttgart,1020.0,0,57.89,2.0
Köln,1468.0,1,90.0,3.5
Stuttgart,1595.0,0,100.0,1.0
Stuttgart,1550.0,1,89.0,2.5
Stuttgart,1200.0,1,58.0,2.0
Stuttgart,1190.0,1,51.0,2.0
Köln,1115.0,1,70.0,3.0
Köln,471.0,1,25.0,1.0
Köln,675.0,0,60.0,3.0
Stuttgart,2200.0,1,86.0,3.5
Köln,1300.0,0,90.0,3.0
Stuttgart,1070.0,1,63.0,3.0
Stuttgart,1855.0,1,61.78,3.0
Stuttgart,2350.0,1,83.0,3.0
Stuttgart,780.0,0,17.0,1.0
Stuttgart,1110.0,1,43.0,1.5
Stuttgart,610.0,0,32.0,1.0
Stuttgart,1350.0,1,43.0,1.0
Köln,835.0,0,62.0,2.0
Köln,745.14,1,43.01,1.0
Köln,800.0,0,46.0,1.0
Stuttgart,695.0,0,30.0,1.0
Köln,860.0,1,49.0,1.0
Köln,1294.0,1,97.0,3.0
Stuttgart,1675.0,1,89.0,2.5
Stuttgart,1490.0,1,50.0,2.0
Stuttgart,840.0,0,38.0,2.0
Köln,910.5,1,61.0,3.0
Köln,850.0,1,45.0,1.0
Köln,1300.0,1,87.5,3.0
Köln,780.0,0,70.0,3.0
Stuttgart,4422.0,1,261.0,6.0
Stuttgart,840.0,1,55.0,2.0
Stuttgart,1190.0,0,29.0,1.5
Stuttgart,1700.0,0,77.0,2.0
Köln,977.0,0,80.0,3.0
Stuttgart,1420.0,1,74.0,3.0
Stuttgart,3050.0,1,142.0,4.0
Köln,360.0,0,24.0,1.0
Köln,1000.0,1,86.0,3.0
Köln,1720.0,1,135.0,4.0
Köln,395.0,0,26.0,1.0
Köln,750.0,0,35.0,1.0
Köln,1260.0,1,90.0,3.0
Stuttgart,1922.0,1,111.72,4.0
Stuttgart,2150.0,1,108.0,4.0
Köln,800.0,1,70.0,2.0
Köln,780.0,0,62.0,2.0
Köln,1185.9,0,67.0,3.0
Köln,700.0,0,35.0,1.0
Köln,1170.0,0,88.0,3.0
Köln,2050.0,1,164.0,5.0
Stuttgart,1635.0,1,98.94,3.0
Stuttgart,1400.0,0,82.0,3.0
Stuttgart,1990.0,1,97.0,3.0
Stuttgart,2000.0,0,87.0,4.0
Köln,941.0,1,77.0,3.0
Stuttgart,1750.0,1,105.0,4.0
Köln,2594.0,1,161.0,4.0
Köln,760.0,0,33.66,1.0
Köln,1700.0,1,101.0,2.5
Köln,710.0,1,50.0,2.0
Köln,1660.0,1,104.0,3.0
Stuttgart,1760.0,1,110.0,4.0
Stuttgart,2145.0,1,115.0,4.0
Köln,1045.0,0,81.0,3.0
Stuttgart,525.0,0,36.0,1.0
Stuttgart,720.0,0,11.0,1.0
Köln,877.0,1,59.0,2.0
Köln,2300.0,1,105.0,4.0
Köln,619.0,1,63.0,2.0
Stuttgart,1500.0,1,70.0,2.0
Köln,525.0,0,23.0,1.0
Stuttgart,1410.0,1,83.0,3.0
Köln,1190.0,0,45.0,1.0
Köln,455.0,0,36.0,1.0
Köln,850.0,1,41.0,1.0
Stuttgart,1035.0,1,43.0,1.0
Stuttgart,2130.0,0,110.0,3.0
Stuttgart,670.0,0,40.0,1.0
Stuttgart,1175.0,1,74.0,2.5
Stuttgart,2190.0,1,100.0,4.0
Stuttgart,1240.0,0,55.0,2.0
Köln,2290.0,1,140.0,6.0
Köln,858.0,1,56.45,2.0
Stuttgart,1680.0,1,58.0,2.0
Köln,1030.0,1,90.0,2.0
Stuttgart,1750.0,1,85.0,1.0
Köln,1821.0,1,119.47,4.5
Köln,620.0,0,32.0,1.0
Stuttgart,1500.0,1,52.0,2.0
Köln,796.0,0,56.0,2.0
Stuttgart,1055.0,1,73.0,3.0
Köln,1240.0,1,44.0,2.0
Köln,2450.0,1,160.0,4.0
Köln,995.0,1,78.4,3.0
Stuttgart,1400.0,1,100.0,3.0
Köln,964.0,0,98.0,3.0
Köln,1250.0,1,88.8,4.0
Köln,1100.0,0,83.0,3.0
Köln,1100.0,0,72.0,3.0
Köln,704.0,0,36.0,1.0
Stuttgart,1800.0,1,100.0,3.5
Köln,2400.0,1,151.0,4.0
Köln,643.0,1,42.6,1.0
Köln,3050.0,1,234.0,4.0
Köln,1495.0,1,96.0,3.0
Köln,2490.0,1,75.0,3.0
Stuttgart,1500.0,1,87.0,3.0
Stuttgart,752.75,0,60.0,3.0
Stuttgart,1700.0,0,68.0,2.5
Stuttgart,715.0,1,36.0,1.5
Köln,1340.0,1,86.0,3.0
Stuttgart,1500.0,1,82.0,3.0
Köln,645.0,1,35.0,1.0
Köln,515.0,1,56.0,2.0
Stuttgart,1940.0,1,117.0,4.5
Stuttgart,1495.0,1,88.0,3.0
Köln,890.0,1,55.95,2.0
Köln,1250.0,1,117.0,4.0
Köln,1490.0,1,90.0,3.0
Stuttgart,1400.0,1,113.0,3.0
Stuttgart,2190.0,1,65.0,2.5
Köln,1268.79,1,77.0,2.0
Köln,1548.9,1,82.5,3.0
Stuttgart,1510.0,1,80.0,3.0
Stuttgart,1220.0,1,75.0,3.0
Stuttgart,1495.0,1,84.0,3.0
Köln,2400.0,1,61.9,3.0
Köln,685.0,0,43.0,2.0
Stuttgart,1505.0,1,79.0,2.0
Köln,2900.0,1,185.0,5.0
Stuttgart,1570.0,1,80.0,3.0
Köln,655.0,1,50.0,1.0
Köln,1029.8,1,84.4,3.0
Köln,770.0,0,58.0,2.0
Köln,2600.0,1,162.0,3.0
Stuttgart,1150.0,0,40.0,2.0
Stuttgart,760.0,1,62.0,3.0
Köln,480.0,1,33.0,1.0
Stuttgart,2043.0,0,105.49,2.0
Köln,1497.0,1,74.1,2.0
Stuttgart,2650.0,0,145.0,2.0
Köln,1589.0,1,102.8,2.5
Köln,980.0,1,68.59,3.0
Stuttgart,860.0,1,28.0,1.0
Köln,1300.0,0,110.0,4.0
Köln,480.0,1,33.0,1.0
Köln,419.0,1,19.0,1.0
Köln,1390.0,1,85.0,2.0
Köln,525.0,0,36.0,1.0
Stuttgart,595.0,1,13.0,1.0
Stuttgart,1100.0,0,50.0,2.0
Köln,825.0,1,62.0,3.0
Köln,1975.0,1,115.0,3.0
Köln,2005.0,1,123.0,3.0
Köln,620.0,0,30.5,1.0
Stuttgart,1180.0,0,69.0,3.0
Köln,818.0,0,70.0,2.0
Köln,910.0,1,45.0,2.0
Köln,2000.0,1,124.0,5.0
Stuttgart,1380.0,1,68.0,2.0
Stuttgart,2400.0,1,85.0,4.5
Stuttgart,2850.0,0,115.0,2.0
Köln,1200.0,1,117.0,3.0
Köln,860.0,1,70.0,2.0
Stuttgart,1456.0,1,78.0,3.0
Köln,470.0,0,31.0,1.0
Köln,995.0,0,47.0,2.0
Köln,1180.0,1,55.0,2.0
Stuttgart,950.0,0,23.0,1.0
Stuttgart,1460.0,1,80.0,3.0
Stuttgart,2840.0,1,125.49,4.0
Köln,1740.0,1,89.0,3.0
Stuttgart,1790.0,0,76.0,3.0
Köln,760.0,0,12.0,1.0
Köln,775.0,1,60.0,2.0
Stuttgart,1831.0,1,91.0,3.0
Stuttgart,1260.0,1,77.3,3.0
Stuttgart,1550.0,1,67.0,2.0
Stuttgart,540.0,1,20.0,1.0
Köln,1130.0,0,65.0,3.0
Köln,1800.0,1,140.0,3.0
Köln,810.0,0,67.0,3.0
Köln,720.0,0,57.8,2.5
Stuttgart,565.0,1,29.0,1.0
Stuttgart,1780.0,1,80.5,3.0
Köln,2640.0,1,160.0,4.0
Köln,730.0,0,30.0,2.0
Köln,1370.0,0,55.0,2.0
Köln,954.0,0,53.0,2.0
Köln,1350.0,1,100.0,4.0
Köln,2880.0,1,160.0,4.0
Köln,1030.0,1,81.01,3.0
Köln,961.0,1,64.0,2.0
Köln,1072.58,1,50.0,2.0
Köln,785.0,1,55.0,2.0
Köln,735.0,0,52.71,2.0
Stuttgart,2250.0,1,72.0,2.0
Stuttgart,2800.0,0,105.0,3.0
Stuttgart,1590.0,1,40.0,2.0
Stuttgart,830.0,0,18.0,1.0
Stuttgart,630.0,1,55.0,1.5
Köln,750.0,1,25.0,1.0
Köln,1390.0,1,79.0,3.0
Stuttgart,972.0,1,29.02,1.0
Köln,890.0,1,70.0,3.0
Köln,1220.0,1,88.0,3.0
Stuttgart,870.0,1,34.0,1.0
Stuttgart,0.0,1,62.73,3.0
Köln,2340.0,1,141.0,4.0
Köln,600.0,1,50.0,2.0
Köln,810.0,0,50.0,2.0
Köln,685.0,0,55.0,1.5
Köln,960.0,1,60.0,2.0
Stuttgart,1400.0,0,65.0,3.5
Köln,950.0,1,67.0,2.0
Köln,1200.5,1,63.0,2.0
Stuttgart,1776.0,1,92.0,2.0
Köln,2050.0,1,130.0,4.0
Köln,485.0,1,31.0,1.0
Stuttgart,2588.0,1,140.0,3.5
Köln,1390.0,1,65.0,2.0
Köln,670.0,0,38.0,1.0
Köln,560.0,0,20.0,1.0
Köln,1400.0,1,89.0,4.0
Köln,720.0,0,53.0,2.0
Köln,2200.0,0,120.0,5.0
Köln,790.0,1,24.0,1.0
Stuttgart,540.0,0,13.2,1.0
Stuttgart,900.0,1,62.0,2.0
Stuttgart,480.0,0,17.0,1.0
Stuttgart,1900.0,1,116.0,4.0
Köln,620.0,0,32.5,1.0
Köln,980.0,1,58.0,2.0
Stuttgart,1695.0,1,78.0,3.0
Stuttgart,1220.0,1,38.0,1.0
Stuttgart,1285.0,1,81.0,3.0
Köln,920.0,1,70.0,3.0
Stuttgart,820.0,0,28.0,1.0
Köln,950.0,1,80.0,2.0
Köln,1500.0,1,110.0,3.5
Köln,730.0,0,58.0,2.0
Stuttgart,1650.0,1,69.0,3.0
Stuttgart,3300.0,1,168.66,3.0
Köln,740.0,1,76.0,3.0
Köln,1033.39,1,60.0,2.0
Stuttgart,920.0,1,68.0,3.0
Köln,1200.0,1,77.0,2.0
Stuttgart,760.0,1,29.0,1.0
Stuttgart,425.0,1,15.0,3.0
Köln,814.0,0,42.0,1.0
Köln,700.92,0,22.0,1.0
Stuttgart,500.0,0,15.0,1.0
Köln,1850.0,1,173.0,4.0
Stuttgart,550.0,0,12.0,1.0
Köln,1435.0,1,94.0,3.0
Köln,970.0,1,71.0,2.0
Köln,700.0,0,53.0,2.0
Köln,440.0,0,28.0,1.0
Köln,1380.0,1,105.64,4.0
Köln,1695.0,1,87.0,3.0
Köln,1342.0,1,92.0,3.0
Stuttgart,581.67,1,30.0,1.0
Stuttgart,710.0,1,32.0,1.0
Stuttgart,1190.0,1,66.0,2.5
Köln,1450.0,1,106.0,2.0
Köln,1150.0,1,53.0,1.0
Köln,280.0,1,30.0,1.0
Köln,1281.0,1,82.0,3.0
Köln,904.0,1,62.0,2.0
Köln,640.0,1,58.0,2.0
Stuttgart,1340.0,0,55.0,2.0
Stuttgart,550.0,0,11.2,1.0
Stuttgart,2380.0,1,105.0,4.5
Köln,1110.0,1,80.0,2.0
Stuttgart,3235.0,1,155.0,4.0
Stuttgart,1200.0,1,70.0,3.0
Köln,845.0,0,75.0,3.0
Stuttgart,789.0,0,15.0,1.0
Köln,669.0,0,24.43,1.0
Köln,980.0,0,57.0,2.0
Stuttgart,1100.0,0,36.0,1.0
Köln,1150.0,0,67.0,2.0
Köln,960.0,1,64.0,3.0
Stuttgart,895.0,0,70.0,3.0
Stuttgart,1550.0,1,85.0,3.5
Köln,1520.0,1,63.0,2.0
Köln,2150.0,1,158.0,3.0
Köln,1050.0,1,80.0,2.0
Stuttgart,800.0,1,62.0,2.0
Köln,680.0,0,49.0,2.0
Stuttgart,1400.0,0,125.0,5.0
Stuttgart,830.0,0,18.0,1.0
Köln,700.0,1,52.0,2.0
Stuttgart,500.0,0,30.0,1.0
Köln,1305.0,1,95.0,2.5
Köln,1055.0,1,81.0,3.0
Köln,1355.0,1,160.0,5.0
Stuttgart,920.0,1,58.0,2.0
Stuttgart,930.0,1,57.0,2.0
Stuttgart,1800.0,1,90.0,3.0
Stuttgart,1040.0,1,72.0,2.5
Köln,500.0,0,20.0,1.0
Köln,525.0,1,32.6,1.0
Köln,780.0,1,55.0,2.0
Köln,780.0,0,17.0,1.0
Stuttgart,650.0,1,30.0,1.0
Stuttgart,885.0,0,51.0,2.0
Köln,1975.0,1,114.0,3.0
Stuttgart,1980.0,1,144.0,2.0
Köln,1041.0,1,79.0,3.0
Köln,870.0,1,75.0,3.0
Köln,1070.0,1,92.0,3.0
Köln,2189.75,0,122.35,3.0
Köln,850.0,0,27.0,1.0
Köln,1890.0,1,78.2,2.0
Köln,880.0,1,56.82,2.0
Stuttgart,1030.0,1,56.0,2.5
Stuttgart,930.0,1,68.0,3.0
Köln,3795.0,1,165.0,4.0
Köln,460.0,1,14.0,1.0
Köln,1440.0,1,84.2,3.0
Köln,1055.0,1,67.0,2.0
Köln,600.63,1,45.8,2.0
Stuttgart,1300.0,1,96.0,3.5
Köln,1070.0,1,68.0,2.0
Köln,1900.0,1,90.0,3.0
Köln,1000.0,0,67.0,2.0
Köln,850.0,1,35.0,1.0
Stuttgart,980.0,0,54.0,2.5
Köln,990.0,1,70.0,2.0
Stuttgart,1820.0,1,116.0,3.0
Köln,970.0,1,75.62,2.0
Stuttgart,975.0,0,60.0,2.0
Stuttgart,1500.0,0,75.0,3.0
Köln,715.0,1,65.0,3.0
Stuttgart,1700.0,1,100.0,3.0
Stuttgart,1990.0,0,85.0,3.0
Stuttgart,2690.0,1,172.34,4.5
Köln,1377.0,1,90.0,3.0
Köln,690.0,0,60.0,2.0
Stuttgart,495.0,0,39.0,2.0
Köln,990.0,0,30.0,1.0
Stuttgart,1340.0,1,83.0,3.0
Köln,1800.0,1,120.0,4.0
Köln,505.0,1,27.0,1.0
Köln,820.0,0,60.0,2.0
Köln,750.0,0,63.0,2.0
Stuttgart,2300.0,0,124.0,3.0
Stuttgart,2170.0,1,96.0,3.0
Köln,910.0,0,29.0,1.0
Stuttgart,2500.0,1,76.0,3.0
Stuttgart,1196.0,1,35.25,1.0
Stuttgart,2500.0,1,76.0,3.0
Köln,1090.0,1,67.0,2.5
Stuttgart,1550.0,1,98.0,3.0
Köln,570.0,0,30.37,1.0
Stuttgart,2095.0,1,125.0,4.5
Stuttgart,1195.0,1,55.0,2.0
Köln,590.0,0,36.0,1.0
Stuttgart,2295.0,1,141.0,4.0
Köln,675.0,1,75.0,2.0
Stuttgart,1450.0,1,86.0,3.0
Stuttgart,1550.0,1,80.0,3.5
Stuttgart,690.0,1,28.0,1.0
Stuttgart,1550.0,1,70.0,3.0
Köln,750.0,1,57.0,2.0
Köln,1763.0,1,107.27,4.0
Stuttgart,640.0,1,45.0,2.0
Stuttgart,1690.0,0,67.0,2.0
Köln,893.0,1,61.0,3.0
Stuttgart,890.0,0,31.0,1.0
Köln,855.0,1,50.0,1.0
Köln,2245.0,1,147.03,4.0
Köln,890.0,1,81.4,3.0
Köln,1690.0,1,133.0,4.0
Köln,899.0,1,67.0,2.0
Stuttgart,585.0,0,27.0,1.0
Stuttgart,1550.0,0,90.0,2.5
Köln,890.0,1,64.0,2.0
Köln,600.0,0,32.0,1.0
Stuttgart,1700.0,1,88.0,4.0
Köln,1120.0,0,80.0,4.0
Köln,920.0,1,60.0,2.0
Stuttgart,2490.0,1,130.0,5.0
Köln,5629.1,1,246.0,4.0
Stuttgart,1390.0,1,50.0,2.0
Köln,800.0,0,95.0,3.0
Köln,1025.0,1,85.56,3.0
Köln,960.0,1,77.92,3.0
Stuttgart,1590.0,0,55.0,2.0
Köln,1160.0,1,80.0,3.0
Stuttgart,550.0,1,20.0,1.0
Stuttgart,1160.0,1,70.0,2.0
Köln,1517.0,1,89.0,3.0
Stuttgart,1040.0,1,77.0,3.0
Stuttgart,2190.0,1,65.0,2.5
Köln,350.0,0,30.0,1.0
Stuttgart,1350.0,1,54.0,2.0
Stuttgart,970.0,1,60.0,2.0
Stuttgart,995.0,1,71.0,3.0
Köln,729.0,0,40.0,1.0
Stuttgart,2630.0,1,116.0,2.5
Stuttgart,870.0,0,26.0,1.0
Stuttgart,1375.0,0,55.0,2.0
Köln,990.0,1,45.0,2.0
Stuttgart,3275.0,1,170.0,4.0
Köln,680.0,0,45.0,1.0
Köln,745.0,1,63.0,2.0
Köln,535.0,0,24.0,1.0
Köln,630.0,0,35.0,1.5
Köln,790.0,1,33.5,1.0
Stuttgart,2070.79,0,97.55,2.0
Köln,1700.0,1,89.0,2.0
Stuttgart,1490.0,0,46.0,2.0
Köln,815.0,1,75.0,3.0
Köln,1140.0,0,48.1,2.0
Köln,2100.0,1,145.0,2.0
Köln,1500.0,1,111.0,3.0
Stuttgart,630.0,1,38.0,1.0
Köln,855.2,1,67.0,3.0
Stuttgart,1400.0,1,60.0,2.0
Köln,695.0,0,33.61,1.5
Stuttgart,2100.0,1,97.54,4.0
Köln,2449.0,1,165.0,4.0
Stuttgart,1250.0,0,50.0,2.0
Stuttgart,1230.0,1,75.0,3.0
Stuttgart,1690.0,1,81.0,3.0
Stuttgart,1400.0,1,75.0,3.0
Stuttgart,1090.0,1,55.0,1.0
Stuttgart,2035.0,1,105.0,3.5
Köln,600.0,0,61.0,3.0
Köln,670.0,0,40.0,2.0
Köln,830.0,1,28.0,1.0
Stuttgart,2000.0,1,140.0,3.0
Köln,1085.0,1,58.6,3.0
Stuttgart,1680.0,0,115.0,4.0
Köln,1220.0,0,73.0,3.5
Köln,1325.0,0,87.0,3.0
Stuttgart,940.0,1,65.0,3.0
Köln,740.0,1,41.0,2.0
Köln,1990.0,1,121.0,3.0
Köln,913.39,1,76.45,3.0
Köln,1242.53,1,83.63,3.0
Stuttgart,1277.92,1,78.4,3.0
Stuttgart,2100.0,1,135.0,4.0
Köln,1025.0,1,82.39,2.5
Stuttgart,1550.0,1,67.0,2.0
Stuttgart,2005.0,1,130.0,4.0
Stuttgart,1250.0,1,73.0,3.0
Köln,1735.02,1,101.88,3.0
Köln,690.0,1,50.0,2.0
Köln,1402.0,0,85.0,3.0
Köln,465.0,0,28.0,1.0
Köln,900.0,1,81.0,3.0
Köln,754.0,1,52.0,1.0
Stuttgart,2200.0,0,94.0,3.5
Köln,915.0,1,56.94,2.0
Stuttgart,1670.0,1,99.0,3.0
Stuttgart,2150.0,0,81.0,3.5
Köln,780.0,1,70.0,2.5
Stuttgart,2800.0,1,128.0,4.0
Köln,900.0,0,45.0,1.5
Stuttgart,1895.0,1,94.0,2.0
Stuttgart,600.0,0,17.6,1.0
Stuttgart,935.0,0,40.0,1.0
Köln,978.0,1,100.0,3.0
Köln,1450.0,1,106.0,3.0
Köln,985.0,0,71.4,3.0
Köln,1946.0,1,115.0,3.0
Stuttgart,1400.0,1,126.0,5.0
Stuttgart,2150.0,1,120.0,3.5
Köln,830.0,0,54.0,2.0
Köln,790.0,0,41.8,2.0
Köln,730.0,1,15.0,1.0
Stuttgart,2055.0,1,112.0,3.0
Köln,1350.0,1,87.32,2.0
Köln,1180.0,0,120.0,3.5
Stuttgart,1890.0,1,80.0,3.0
Stuttgart,750.0,0,49.0,2.0
Köln,1335.0,1,95.0,3.0
Stuttgart,1600.0,0,63.0,3.0
Stuttgart,1750.0,1,75.0,3.0
Köln,4500.0,1,210.0,5.0
Stuttgart,1678.8,1,110.0,4.0
Stuttgart,1600.0,1,40.0,1.5
Köln,570.0,0,44.0,2.0
Köln,3550.0,1,196.0,4.0
Köln,895.0,1,40.0,1.0
Stuttgart,1025.0,1,56.0,2.0
Stuttgart,1560.0,1,100.0,3.0
Stuttgart,2190.0,1,111.0,3.5
Stuttgart,1490.0,0,75.0,2.5
Stuttgart,720.0,1,52.0,2.0
Köln,730.0,1,44.0,1.0
Stuttgart,1300.0,1,72.0,2.0
Stuttgart,1161.0,1,75.0,3.0
Köln,1010.0,1,86.11,2.0
Stuttgart,2400.0,1,156.0,4.0
Köln,1638.0,1,98.51,4.0
Köln,900.0,0,52.0,2.0
Stuttgart,1300.0,1,73.0,2.5
Stuttgart,610.0,0,13.0,1.0
Stuttgart,590.0,1,16.0,1.0
Köln,600.0,1,53.0,2.0
Köln,1080.0,1,71.0,3.0
Stuttgart,885.0,1,22.0,1.5
Köln,1200.0,1,65.0,2.0
Köln,1120.0,1,83.0,2.0
Köln,1320.0,1,86.0,3.0
Stuttgart,1630.0,1,74.0,3.0
Stuttgart,1830.0,1,84.0,2.0
Stuttgart,1640.0,1,75.0,2.0
Köln,1430.0,1,106.0,3.0
Stuttgart,1060.0,1,58.5,2.0
Stuttgart,1220.0,1,90.7,3.0
Köln,555.0,0,19.0,1.0
Stuttgart,1780.0,1,99.21,4.0
Stuttgart,1450.0,1,59.23,2.0
Stuttgart,1600.0,1,50.0,2.0
Köln,650.0,1,50.0,2.0
Köln,1810.0,1,120.0,3.0
Köln,1405.0,1,79.0,3.0
Stuttgart,1290.0,0,70.0,2.5
Köln,740.0,1,30.5,1.0
Köln,1140.0,0,75.0,2.5
Köln,740.0,1,47.7,2.0
Köln,1250.0,1,96.0,3.0
Köln,600.0,0,40.0,1.0
Köln,2130.93,0,121.37,4.0
Köln,440.0,1,29.0,1.0
Köln,700.0,0,29.0,1.0
Köln,470.0,0,16.0,1.0
Köln,790.0,0,55.0,2.0
Stuttgart,1120.0,1,55.0,2.0
Köln,2390.0,1,67.0,3.0
Stuttgart,1760.0,1,96.0,3.5
Köln,1455.0,1,107.0,3.0
Köln,1395.0,1,111.3,4.0
Köln,1300.0,0,77.0,2.5
Köln,680.0,0,51.0,1.0
Köln,1140.0,1,120.0,3.0
Köln,1270.0,0,85.12,4.0
Köln,500.0,0,21.0,1.0
Köln,920.0,1,84.0,3.0
Köln,845.0,0,50.0,2.0
Köln,620.0,1,50.0,2.0
Stuttgart,1290.0,1,30.0,1.0
Köln,1350.0,1,75.0,3.0
Stuttgart,2450.0,1,160.0,5.0
Stuttgart,990.0,1,50.0,2.0
Köln,1110.0,1,88.0,3.0
Stuttgart,1880.0,1,91.0,3.0
Köln,930.0,1,76.0,2.0
Köln,745.0,1,61.0,2.0
Köln,1470.0,1,79.0,3.0
Köln,790.0,0,39.0,2.0
Köln,1060.0,0,70.0,2.0
Köln,875.0,0,52.0,1.5
Stuttgart,1160.0,1,74.7,2.0
Köln,1900.0,1,126.0,5.0
Köln,860.0,1,71.0,3.0
Köln,1750.0,1,126.0,3.0
Köln,635.0,0,40.0,2.0
Köln,1750.0,1,108.0,3.0
Köln,710.0,1,55.43,1.0
Köln,1160.0,1,68.0,2.5
Köln,1990.0,1,137.0,5.0
Köln,1090.0,1,82.0,4.0
Stuttgart,1350.0,0,85.0,3.0
Köln,619.0,0,36.0,1.0
Köln,514.0,1,26.0,1.0
Köln,655.0,0,45.0,2.0
Köln,917.79,1,59.1,2.0
Stuttgart,2235.0,1,100.0,3.0
Köln,630.0,0,45.0,1.0
Köln,638.0,1,48.0,2.0
Köln,490.0,0,37.0,1.0
Köln,605.0,1,50.0,2.0
Stuttgart,1100.0,1,60.0,2.0
Köln,1950.0,1,154.0,3.0
Köln,1050.0,1,78.0,3.0
Köln,910.0,1,65.0,2.0
Köln,3000.0,1,195.0,4.5
Köln,620.0,1,60.0,2.0
Köln,1638.36,1,90.97,3.0
Köln,330.0,0,23.0,1.0
Köln,2290.0,1,120.0,4.0
Stuttgart,950.0,1,72.0,2.0
Köln,2345.0,1,155.0,3.0
Stuttgart,1100.0,0,42.0,2.0
Stuttgart,1699.0,0,70.0,2.0
Stuttgart,1187.63,1,29.3,1.0
Stuttgart,600.0,0,20.0,1.0
Stuttgart,1221.0,1,54.0,1.0
Köln,920.0,1,66.0,2.0
Köln,1300.0,1,120.0,2.0
Köln,895.0,1,61.0,2.0
Köln,790.0,0,52.0,2.0
Stuttgart,1500.0,0,60.0,3.5
Köln,855.0,0,64.6,2.0
Stuttgart,1350.0,1,56.0,2.5
Stuttgart,2100.0,0,123.0,4.0
Köln,1350.0,0,91.0,3.0
Köln,575.0,0,24.0,1.0
Stuttgart,2390.0,0,140.0,5.5
Köln,625.0,0,33.0,1.0
Köln,1038.05,1,44.92,1.0
Stuttgart,599.47,1,57.4,3.0
Köln,1480.0,1,106.0,3.0
Köln,1903.0,1,113.3,4.0
Köln,895.55,1,65.0,3.0
Stuttgart,720.0,0,11.0,1.0
Stuttgart,380.0,1,30.0,1.0
Stuttgart,650.0,0,25.0,2.0
Stuttgart,915.0,1,66.0,3.0
Stuttgart,1050.0,1,51.57,2.5
Köln,910.0,1,39.0,2.0
Stuttgart,2390.0,1,72.0,2.0
Köln,1220.0,1,77.0,3.0
Stuttgart,1490.0,1,48.0,2.0
Köln,990.0,1,80.65,3.0
Köln,1239.0,0,60.0,2.0
Stuttgart,530.0,0,25.0,1.0
Köln,785.0,0,45.0,2.0
Stuttgart,1150.0,1,40.0,1.5
Stuttgart,620.0,1,23.0,1.0
Köln,1032.0,0,63.0,2.5
Köln,1630.0,0,92.0,3.0
Stuttgart,1590.0,0,69.0,2.5
Köln,1750.0,1,65.0,3.0
Köln,840.0,1,70.0,3.0
Köln,950.0,0,68.0,2.0
Stuttgart,1490.0,1,51.0,2.0
Köln,750.0,1,46.0,2.0
Köln,860.0,0,35.0,1.5
Stuttgart,1300.0,1,74.0,3.0
Köln,563.0,0,28.0,1.0
Köln,975.0,1,63.0,2.0
Köln,494.88,0,43.11,2.0
Stuttgart,2080.0,1,145.0,4.5
Köln,1187.0,1,102.0,3.0
Köln,970.0,0,81.0,4.0
Köln,425.0,0,25.0,1.0
Köln,850.0,0,30.0,1.0
Köln,1500.0,1,64.0,2.0
Stuttgart,1580.0,1,70.0,3.0
Köln,1625.0,1,110.0,3.0
Stuttgart,1140.0,1,61.62,2.0
Stuttgart,750.0,0,20.0,1.0
Stuttgart,1810.0,1,131.0,3.5
Köln,2199.0,1,144.0,3.0
Köln,990.0,1,69.1,2.0
Köln,850.0,1,67.0,3.0
Köln,1137.34,0,76.84,2.0
Stuttgart,1400.0,1,50.0,2.0
Köln,800.0,1,57.0,2.0
Köln,650.0,0,17.0,1.0
Köln,948.86,1,63.79,2.0
Köln,600.0,0,25.0,1.0
Stuttgart,2920.0,1,136.0,3.0
Köln,1050.0,0,67.47,2.0
Stuttgart,485.0,0,15.0,1.0
Köln,658.0,1,44.0,1.0
Köln,830.0,0,64.0,2.0
Köln,1551.0,1,117.0,4.0
Köln,1040.0,1,57.0,2.0
Köln,1400.0,1,94.0,3.0
Köln,1640.0,1,110.0,3.0
Stuttgart,760.0,0,59.0,3.0
Köln,1384.0,1,84.0,3.0
Stuttgart,980.0,0,57.0,2.0
Köln,850.0,0,63.0,2.0
Köln,825.0,1,38.0,1.0
Stuttgart,1100.0,1,83.0,2.0
Stuttgart,1000.0,1,58.0,2.5
Köln,970.0,0,70.0,2.0
Stuttgart,2168.0,1,151.4,4.0
Stuttgart,2146.0,1,149.76,3.5
Stuttgart,1160.0,1,51.5,2.0
Köln,938.0,1,82.0,3.0
Köln,825.0,1,58.0,2.0
Köln,1730.0,1,92.0,3.0
Stuttgart,1700.0,1,70.0,2.0
Stuttgart,730.0,0,38.0,2.0
Köln,760.0,1,54.0,1.5
Stuttgart,1650.0,1,50.0,2.0
Köln,589.0,0,48.0,2.0
Stuttgart,1040.0,1,62.0,2.5
Köln,1160.0,1,92.0,4.0
Köln,978.0,1,68.0,2.0
Stuttgart,1700.0,0,68.0,2.5
Köln,1450.0,1,104.0,3.0
Stuttgart,920.0,1,68.0,3.0
Köln,1750.0,1,117.0,2.5
Köln,800.0,0,51.0,2.0
Köln,1247.0,1,93.0,3.0
Stuttgart,1450.0,1,60.0,2.0
Stuttgart,1480.0,0,59.0,2.0
Köln,860.0,0,53.0,2.0
Köln,590.0,0,33.0,1.0
Köln,938.72,0,76.52,2.0
Stuttgart,1590.0,1,58.0,2.0
Köln,1193.52,1,57.3,2.0
Köln,1550.0,1,51.0,2.0
Köln,1080.0,1,85.0,4.0
Stuttgart,1650.0,1,69.0,3.0
Köln,1180.0,0,78.0,1.0
Stuttgart,1400.0,0,65.0,2.5
Köln,1130.0,0,54.0,2.0
Stuttgart,2100.0,1,87.0,3.0
Stuttgart,1400.0,1,51.0,2.0
Köln,599.0,0,18.0,1.0
Köln,1910.2,1,124.8,4.0
Stuttgart,2500.0,1,80.0,4.0
Stuttgart,2160.0,1,134.0,4.5
Stuttgart,1680.0,1,80.0,3.0
Stuttgart,1990.0,1,73.0,2.5
Köln,795.0,1,50.0,2.0
Köln,800.0,0,70.0,3.0
Köln,1480.0,1,120.0,4.0
Stuttgart,2190.0,1,100.0,4.0
Stuttgart,980.0,1,63.0,2.0
Köln,912.2,1,69.0,2.0
Köln,750.0,1,50.0,2.0
Stuttgart,1717.85,1,84.39,2.0
Stuttgart,951.0,0,60.0,3.0
Köln,525.0,0,40.0,2.0
Köln,890.0,0,75.0,3.0
Köln,1050.0,1,70.0,2.0
Köln,1400.0,1,89.0,3.0
Stuttgart,1650.0,1,80.0,3.5
Köln,760.0,1,59.0,2.0
Köln,810.0,0,22.0,1.0
Stuttgart,1840.0,1,110.0,4.0
Köln,690.0,0,34.0,1.0
Köln,580.0,0,25.0,1.0
Stuttgart,1675.0,1,128.0,4.5
Köln,930.0,1,60.0,2.0
Köln,696.75,0,47.0,1.0
Stuttgart,1115.0,1,70.0,2.5
Stuttgart,890.0,0,25.0,1.0
Köln,520.0,0,30.0,1.0
Köln,690.0,1,60.0,2.0
Köln,1053.78,1,81.06,2.0
Stuttgart,1540.0,1,65.0,2.0
Stuttgart,1600.0,0,60.0,3.0
Köln,1950.0,1,125.0,3.0
Stuttgart,1490.0,0,55.0,2.0
Stuttgart,1590.0,1,50.0,2.0
Köln,1322.5,1,75.0,2.0
Stuttgart,1380.0,0,60.0,2.5
Stuttgart,1462.0,1,80.0,3.5
Stuttgart,1680.0,1,112.02,3.0
Köln,950.0,0,65.0,2.5
Köln,620.0,0,41.0,1.0
Stuttgart,1420.0,1,91.0,3.0
Stuttgart,1850.0,1,95.0,3.5
Köln,1340.0,0,80.0,2.0
Stuttgart,600.0,1,33.0,2.0
Köln,425.0,0,25.0,1.0
Köln,1160.0,1,82.0,3.0
Köln,1980.0,1,107.6,3.0
Köln,770.0,0,57.5,2.0
Köln,920.0,0,65.0,2.0
Köln,2261.0,1,131.5,4.0
Köln,890.0,1,68.0,2.0
Stuttgart,1600.0,1,89.0,3.0
Köln,908.3,1,71.0,2.0
Köln,940.0,0,105.0,3.0
Stuttgart,725.0,1,48.0,2.0
Köln,1120.0,1,58.0,2.0
Stuttgart,2150.0,0,110.0,3.0
Stuttgart,2190.0,0,74.0,3.0
Köln,1270.0,0,80.0,3.0
Köln,910.0,1,76.0,3.0
Stuttgart,1990.0,1,80.0,3.0
Stuttgart,2670.0,1,160.0,6.0
Köln,960.0,1,80.0,3.0
Köln,1275.0,1,93.7,4.0
Köln,1395.0,1,82.21,3.0
Köln,1850.0,1,115.0,5.0
Köln,1206.0,1,65.0,2.0
Köln,1340.0,0,75.97,2.0
Stuttgart,840.0,0,60.0,2.0
Köln,930.0,1,62.0,2.0
Köln,1190.0,1,125.0,3.0
Stuttgart,1590.0,0,69.0,2.5
Köln,750.0,1,58.0,2.0
Stuttgart,630.0,0,19.0,1.0
Stuttgart,930.0,0,18.0,1.0
Stuttgart,5300.0,0,200.0,7.0
Stuttgart,2190.0,1,65.0,2.5
Köln,745.0,1,48.0,2.0
Stuttgart,2650.0,0,80.0,3.0
Köln,2210.0,1,140.0,3.0
Köln,849.64,1,66.02,2.0
Stuttgart,1600.0,1,94.0,3.0
Köln,1790.0,1,58.43,1.5
Köln,1510.0,1,98.0,3.5
Stuttgart,1790.0,1,75.0,3.0
Köln,440.0,0,15.0,1.0
Stuttgart,850.0,1,63.0,2.0
Stuttgart,1200.0,1,30.0,1.0
Stuttgart,510.0,1,23.0,1.0
Stuttgart,1110.0,0,60.0,2.0
Köln,725.0,0,64.0,3.0
Köln,1120.0,1,77.0,3.0
Köln,2570.0,1,138.0,4.0
Köln,1392.92,1,67.27,2.0
Köln,1390.0,1,103.0,3.0
Köln,1710.0,1,109.0,3.0
Köln,1730.0,1,100.0,2.0
Stuttgart,1440.0,1,90.0,3.0
Stuttgart,1060.0,1,56.0,2.0
Stuttgart,1000.0,1,66.0,2.0
Köln,740.0,1,52.0,2.0
Stuttgart,630.0,0,30.0,1.5
Köln,865.0,1,66.8,2.0
Köln,1215.25,1,76.0,2.0
Köln,990.0,0,76.0,3.0
Stuttgart,820.0,0,35.0,1.5
Köln,853.5,0,73.0,2.5
Köln,950.0,0,65.0,2.0
Stuttgart,2230.0,1,85.0,3.0
Köln,860.0,1,60.0,2.0
Stuttgart,1680.0,1,75.46,2.0
Köln,715.41,1,73.66,3.0
Stuttgart,1590.0,1,66.8,4.0
Köln,979.0,1,81.8,2.0
Stuttgart,960.0,1,64.0,2.0
Köln,810.0,1,53.0,2.0
Köln,545.0,0,27.0,1.0
Köln,745.0,1,62.0,3.0
Köln,1740.0,1,65.0,2.0
Köln,970.0,0,56.0,2.0
Stuttgart,1390.0,1,85.5,3.0
Köln,819.0,0,30.7,1.0
Köln,695.0,0,41.0,1.0
Köln,1291.0,1,116.0,5.0
Stuttgart,1450.0,1,65.0,3.0
Stuttgart,2650.0,0,80.0,3.0
Köln,1186.0,1,84.0,2.0
Stuttgart,1180.0,1,83.0,3.0
Köln,1090.0,0,58.0,1.0
Köln,1695.0,1,104.53,3.0
Köln,668.54,1,28.0,1.0
Stuttgart,890.0,0,50.0,2.0
Stuttgart,2450.0,0,80.0,3.0
Stuttgart,180.0,0,33.0,1.0
Köln,1045.0,1,59.0,2.0
Stuttgart,2850.0,1,130.0,2.5
Stuttgart,940.0,0,25.0,1.0
Köln,1421.98,1,85.0,3.0
Stuttgart,765.0,0,14.0,1.0
Köln,1450.0,1,55.0,2.0
Köln,1332.3,1,80.82,3.0
Stuttgart,1460.0,0,73.0,3.0
Köln,1195.0,0,98.0,2.5
Stuttgart,1270.0,1,53.73,2.0
Köln,800.0,1,65.0,3.0
Stuttgart,471.22,1,56.73,2.0
Stuttgart,2600.0,1,170.0,6.5
Stuttgart,1850.0,1,130.0,3.0
Köln,515.0,1,31.0,1.0
Stuttgart,1390.0,0,45.0,2.0
Köln,1150.0,1,90.0,2.0
Köln,1030.5,1,55.0,2.0
Köln,745.0,0,64.0,2.0
Stuttgart,1350.0,0,45.0,2.0
Stuttgart,590.0,0,19.0,1.0
Köln,765.0,0,43.74,1.0
Köln,490.0,1,19.0,1.0
Stuttgart,2287.0,1,109.0,4.0
Stuttgart,2150.0,1,156.0,3.0
Stuttgart,950.0,1,84.0,3.0
Köln,1300.0,0,60.0,2.0
Köln,800.0,1,60.0,2.0
Stuttgart,2881.0,1,140.0,3.5
Köln,800.0,0,65.0,3.0
Köln,610.0,1,25.0,1.0
Köln,1470.0,1,102.0,4.0
Köln,1085.0,1,85.0,3.0
Köln,1590.0,1,107.0,3.0
Stuttgart,1460.0,1,85.0,3.0
Köln,590.0,0,25.0,1.0
Köln,1000.0,1,73.0,2.0
Stuttgart,1290.0,1,32.0,1.0
Stuttgart,1820.0,1,125.0,5.0
Stuttgart,1100.0,1,86.0,4.0
Köln,830.0,1,50.0,2.0
Stuttgart,520.0,1,39.4,1.0
Köln,599.0,0,48.0,2.0
Köln,995.0,1,78.0,2.5
Köln,610.0,0,35.0,1.0
Köln,1200.0,1,51.0,2.0
Stuttgart,2115.0,1,118.5,2.5
Köln,2125.0,1,180.0,4.5
Stuttgart,1090.0,1,73.0,3.0
Köln,1000.0,1,55.0,2.0
Köln,1480.0,1,63.0,2.0
Stuttgart,1499.0,0,55.0,2.0
Köln,815.0,1,60.0,2.0
Stuttgart,1000.0,0,80.0,3.0
Köln,1121.0,0,85.0,3.0
Stuttgart,2180.0,1,100.0,3.0
Köln,1210.0,1,91.0,3.0
Köln,1220.0,1,69.0,2.0
Köln,967.1,1,76.91,3.0
Stuttgart,2190.0,1,100.0,4.0
Stuttgart,1820.0,1,109.0,3.0
Stuttgart,520.0,1,37.0,2.0
Köln,1487.8,1,120.5,5.0
Köln,1963.0,1,106.67,3.0
Köln,2013.0,0,129.0,4.0
Köln,1490.0,1,84.0,3.0
Stuttgart,1120.0,1,72.0,3.0
Stuttgart,656.0,1,29.0,1.0
Stuttgart,1600.0,0,60.0,3.0
Köln,1200.0,1,95.0,3.0
Köln,1233.7,1,98.98,4.0
Köln,1395.0,1,90.38,2.0
Stuttgart,1250.0,1,40.0,1.0
Stuttgart,925.0,1,71.24,2.5
Köln,822.0,0,59.0,2.0
Köln,699.0,0,24.85,1.0
Stuttgart,4800.0,1,170.0,3.0
Stuttgart,1520.0,0,54.0,2.0
Köln,1551.0,1,92.0,3.0
Köln,790.0,1,71.37,2.0
Köln,965.0,1,70.07,2.0
Köln,1150.0,1,83.07,3.0
Stuttgart,1975.0,1,98.0,4.0
Köln,1283.0,1,63.5,3.0
Stuttgart,1600.0,1,65.0,2.5
Köln,1400.0,1,58.0,2.0
Köln,549.0,0,16.0,1.0
Stuttgart,2190.0,1,95.0,3.0
Köln,1370.0,0,110.0,4.0
Stuttgart,1500.0,1,72.0,2.5
Stuttgart,650.0,0,45.0,2.5
Köln,955.0,1,57.0,2.0
Köln,850.0,0,27.0,1.5
Stuttgart,1440.0,0,65.0,1.0
Stuttgart,350.0,0,10.0,1.0
Köln,631.5,1,41.0,2.0
Köln,1428.0,1,85.17,3.0
Köln,2088.0,1,135.0,4.0
Köln,1165.0,0,79.0,2.0
Köln,1815.0,1,145.0,5.0
Stuttgart,1025.0,1,75.0,3.0
Stuttgart,1700.0,1,70.0,2.0
Köln,1352.0,1,94.0,3.0
Köln,3350.0,1,180.0,4.0
Köln,990.0,1,85.0,4.0
Köln,2790.0,1,176.0,4.0
Stuttgart,520.0,1,20.0,1.0
Stuttgart,1000.0,1,56.0,2.0
Köln,820.0,0,58.0,3.0
Köln,1040.0,0,86.0,3.0
Köln,1026.0,1,75.0,2.0
Stuttgart,780.0,0,53.0,2.5
Stuttgart,2175.0,0,135.0,4.0
Stuttgart,625.0,1,22.23,1.0
Köln,1331.0,1,108.53,4.0
Köln,963.5,1,47.0,1.0
Köln,1140.0,0,87.0,3.0
Stuttgart,690.0,0,12.0,1.0
Köln,675.0,0,50.0,2.0
Köln,1150.0,1,83.0,3.0
Stuttgart,2100.0,0,77.6,4.0
Stuttgart,1950.0,1,166.0,3.5
Stuttgart,720.0,0,30.0,1.0
Köln,1280.0,1,96.0,3.5
Köln,1600.0,0,83.0,2.0
Stuttgart,1070.0,0,50.0,2.0
Köln,860.0,0,17.0,1.0
Stuttgart,1830.0,1,90.41,2.0
Köln,1350.0,0,54.0,2.0
Köln,1675.8,1,120.98,5.0
Köln,925.0,1,98.6,4.0
Köln,520.0,1,34.0,1.0
Köln,1000.0,0,56.0,3.0
Köln,4400.0,1,240.0,4.0
Köln,3800.0,1,240.0,4.0
Stuttgart,665.0,1,23.0,1.0
Stuttgart,1464.0,0,84.0,3.0
Köln,1670.0,1,92.0,2.0
Köln,1200.0,1,61.0,1.0
Stuttgart,1200.0,1,96.0,3.0
Köln,1345.0,1,94.0,3.0
Köln,600.0,1,37.0,1.5
Stuttgart,600.0,0,25.0,1.0
Köln,1232.5,1,81.5,3.0
Köln,1987.0,1,118.0,3.0
Stuttgart,1000.0,1,80.0,3.0
Köln,1205.0,1,84.0,3.0
Stuttgart,870.0,0,42.0,1.0
Stuttgart,3086.0,1,222.0,7.0
Köln,835.0,1,60.0,2.0
Köln,950.0,1,77.0,2.0
Köln,630.0,1,50.0,2.0
Köln,560.0,0,37.0,1.0
Köln,900.0,1,82.0,3.0
Köln,1530.0,1,110.0,3.0
Köln,3250.0,1,182.0,4.0
Köln,390.0,0,20.0,1.0
Stuttgart,720.0,0,11.0,1.0
Köln,1967.2,1,108.0,4.0
Köln,730.0,1,60.0,2.0
Köln,1080.0,0,90.0,3.0
Köln,1056.0,1,78.0,3.0
Stuttgart,1850.0,1,94.0,3.0
Köln,555.0,0,22.0,1.0
Köln,1109.0,1,65.4,2.0
Stuttgart,1300.0,1,60.0,2.0
Stuttgart,1890.0,1,62.0,2.5
Stuttgart,1480.0,0,55.0,2.0
Köln,530.0,0,34.21,1.0
Stuttgart,1710.0,1,89.0,3.0
Köln,1400.0,1,80.0,3.0
Köln,1005.0,0,57.0,2.0
Köln,1646.0,1,105.17,4.0
Stuttgart,2530.0,1,141.0,4.0
Köln,985.0,1,95.0,3.0
Köln,1030.0,0,35.0,1.0
Köln,660.0,0,38.0,1.0
Köln,1605.0,0,75.0,2.0
Köln,1850.0,1,117.29,3.0
Köln,1650.0,1,120.0,4.0
Köln,870.0,0,83.0,3.0
Köln,900.0,0,48.05,2.0
Köln,640.0,0,26.0,1.0
Köln,1418.0,1,88.1,3.0
Stuttgart,1975.0,1,59.84,2.0
Köln,1100.0,0,94.0,2.5
Köln,1700.0,0,104.0,4.0
Köln,700.0,0,38.0,1.0
Köln,901.9,1,73.88,2.0
Stuttgart,1300.0,0,40.0,2.0
Köln,1560.0,1,58.17,1.0
Stuttgart,1200.0,1,72.0,3.0
Stuttgart,1990.0,1,84.0,1.5
Köln,3400.0,1,214.0,5.0
Köln,2150.0,1,130.0,4.0
Köln,1260.0,1,85.0,3.5
Stuttgart,400.0,0,15.0,1.0
Stuttgart,1990.0,1,80.0,3.0
Köln,950.0,0,44.0,1.0
Stuttgart,2455.0,1,120.0,4.0
Köln,860.0,1,70.0,2.0
Köln,2650.0,1,138.4,3.0
Köln,1100.0,0,35.0,1.0
Köln,500.0,0,34.5,1.0
Stuttgart,1000.0,1,95.0,4.0
Stuttgart,2300.0,1,115.0,4.5
Köln,2280.0,1,140.0,4.0
Stuttgart,1650.0,1,95.0,4.0
Stuttgart,1445.0,1,92.0,3.0
Köln,818.0,1,61.0,2.0
Köln,1999.0,1,130.0,3.0
Köln,565.0,1,28.0,1.0
Köln,998.0,0,40.0,2.0
Köln,750.0,0,37.0,1.0
Stuttgart,1290.0,0,48.0,1.0
Stuttgart,3140.0,1,95.0,3.0
Stuttgart,670.0,0,55.0,2.0
Köln,775.0,1,60.0,2.0
Köln,700.0,0,57.5,2.0
Stuttgart,1620.0,0,90.0,3.0
Köln,1470.0,1,93.0,2.5
Köln,460.0,0,38.0,1.0
Köln,919.49,1,68.01,2.0
Köln,950.0,1,87.0,3.0
Köln,963.5,1,47.0,1.0
Köln,1145.0,1,103.0,3.0
Köln,1500.0,0,30.0,1.0
Stuttgart,730.0,1,14.0,1.0
Stuttgart,1390.0,1,55.0,2.0
Köln,1175.0,1,72.98,2.5
Stuttgart,1270.0,1,84.0,3.0
Stuttgart,3000.0,1,153.0,3.0
Köln,1080.0,1,85.0,2.5
Stuttgart,2630.0,1,100.0,4.0
Köln,1370.0,1,78.0,4.0
Köln,440.0,1,28.0,1.0
Köln,780.0,1,65.0,2.0
Köln,2800.0,1,134.0,5.0
Köln,1500.0,0,48.0,1.5
Köln,810.0,1,58.0,2.0
Köln,1900.0,1,112.0,3.0
Stuttgart,2200.0,1,94.0,3.0
Köln,1191.0,1,86.0,3.0
Stuttgart,1550.0,0,57.9,2.0
Köln,910.0,1,70.0,4.0
Köln,790.0,1,29.0,1.0
Köln,670.0,0,47.0,1.0
Stuttgart,1450.0,1,59.0,2.0
Stuttgart,1060.0,1,80.0,3.0
Köln,760.0,1,60.0,2.0
Köln,2265.0,1,136.0,3.0
Stuttgart,2200.0,1,150.0,3.0
Köln,555.0,1,41.0,1.0
Köln,1874.0,1,104.53,4.0
Stuttgart,1300.0,1,72.0,3.0
Köln,780.0,0,65.0,2.0
Köln,1065.0,1,75.0,3.0
Köln,459.0,0,23.1,1.0
Köln,640.0,1,44.0,1.0
Köln,780.0,1,69.0,3.0
Köln,1350.0,0,46.0,2.0
Köln,2892.0,1,152.0,4.0
Köln,1550.0,1,74.0,2.0
Stuttgart,2588.0,1,140.0,3.0
Köln,930.0,1,58.0,2.0
Köln,732.96,1,54.11,2.0
Köln,1070.0,1,77.0,3.0
Köln,1105.4,0,76.5,3.0
Köln,690.0,0,62.0,3.0
Köln,1380.0,1,71.0,2.0
Stuttgart,1950.0,1,110.0,4.0
Köln,920.0,0,75.0,2.0
Stuttgart,2050.0,1,79.06,3.0
Köln,1670.0,1,116.0,3.5
Stuttgart,3647.02,1,193.87,4.0
Stuttgart,1680.0,1,58.0,2.0
Stuttgart,1590.0,0,85.0,2.5
Stuttgart,1690.0,0,89.0,3.5
Köln,1130.0,1,84.0,3.0
Köln,590.0,0,33.5,1.0
Köln,1195.0,1,65.0,2.0
Stuttgart,1390.0,1,94.0,3.5
Köln,1090.0,1,86.91,4.0
Köln,1450.0,1,95.32,3.5
Köln,2300.0,1,115.0,3.0
Stuttgart,1490.0,1,80.0,3.0
Köln,575.0,1,33.0,1.0
Köln,955.0,1,65.0,2.0
Köln,1150.0,1,88.0,3.0
Stuttgart,1650.0,1,96.0,3.0
Köln,1500.0,1,75.0,2.0
Stuttgart,1200.0,0,36.0,1.0
Köln,1227.5,1,85.0,3.0
Stuttgart,1908.0,1,73.29,3.0
Köln,1050.0,0,65.0,2.0
Köln,785.0,1,43.0,2.0
Köln,1447.0,1,100.0,2.0
Köln,736.0,0,46.0,2.0
Köln,2710.0,1,150.0,3.0
Köln,1280.0,0,47.2,2.0
Köln,860.0,1,69.0,2.0
Stuttgart,2200.0,1,100.0,4.0
Köln,1098.5,1,89.0,2.0
Köln,941.6,1,61.8,2.0
Köln,524.16,0,46.77,2.0
Stuttgart,1490.0,1,60.0,2.0
Köln,1100.0,1,77.0,2.5
Stuttgart,750.0,1,14.0,1.0
Köln,1240.0,1,76.0,2.0
Köln,1480.0,0,98.0,4.0
Köln,899.64,1,61.0,2.0
Stuttgart,2100.0,1,85.0,3.5
Stuttgart,1767.0,0,78.0,4.0
Köln,1780.0,1,123.0,4.0
Köln,2203.0,1,132.0,4.0
Köln,1279.0,0,30.0,1.0
Köln,864.0,0,56.0,2.0
Stuttgart,3240.0,1,177.0,5.0
Stuttgart,1250.0,1,42.0,2.0
Köln,1750.0,1,57.0,2.0
Stuttgart,535.0,0,78.0,2.5
Stuttgart,750.0,1,68.0,3.0
Köln,931.0,0,74.0,2.0
Köln,2256.0,1,135.0,3.5
Stuttgart,920.0,0,45.0,2.0
Stuttgart,2000.0,0,115.0,4.0
Köln,900.0,1,62.0,2.0
Stuttgart,902.0,1,45.55,2.0
Stuttgart,1499.0,0,55.0,2.0
Stuttgart,1400.0,0,90.0,2.5
Stuttgart,790.0,0,50.0,1.0
Köln,681.0,1,74.0,3.0
Köln,1100.0,1,87.0,3.0
Köln,720.0,1,25.0,1.0
Köln,2520.0,0,128.0,2.0
Stuttgart,1050.0,0,43.0,2.0
Köln,1390.0,1,112.0,3.0
Köln,970.0,1,46.0,1.0
Köln,3100.0,0,180.0,6.0
Stuttgart,2340.0,1,105.0,4.0
Stuttgart,880.0,1,65.5,3.0
Stuttgart,935.0,0,66.0,2.5
Köln,650.0,0,25.0,1.0
Köln,515.0,0,21.0,1.0
Stuttgart,1140.0,1,65.0,2.5
Stuttgart,2300.0,1,75.0,3.0
Stuttgart,1000.0,0,50.0,2.0
Stuttgart,1240.0,1,36.46,1.0
Stuttgart,1400.0,1,40.0,2.0
Stuttgart,978.0,0,26.0,1.0
Stuttgart,1600.0,1,50.0,2.0
Stuttgart,2950.0,1,212.0,8.0
Köln,1116.0,1,68.0,2.5
Köln,1085.0,1,85.0,3.0
Stuttgart,1490.0,0,30.0,1.0
Köln,730.0,0,25.0,1.0
Köln,440.0,0,21.0,1.0
Köln,547.85,1,35.0,1.0
Stuttgart,990.0,0,51.0,3.0
Köln,673.0,0,71.67,3.0
Stuttgart,1660.0,1,100.0,3.0
Stuttgart,2580.0,1,160.0,5.0
Köln,620.0,0,45.0,2.0
Köln,1816.0,1,94.1,3.0
Stuttgart,580.0,0,17.0,1.0
Köln,490.0,0,9.2,1.0
Köln,1840.0,1,98.0,3.5
Köln,965.0,1,70.0,3.0
Stuttgart,1420.0,1,100.0,4.5
Köln,1150.0,1,72.08,3.0
Köln,795.0,0,26.0,1.0
Köln,735.0,0,69.0,2.0
Köln,760.0,0,50.0,2.0
Köln,830.0,1,57.0,2.0
Köln,625.0,1,50.0,2.0
Köln,969.0,1,70.89,3.0
Stuttgart,1479.0,1,52.0,2.0
Köln,1280.0,1,75.33,3.0
Stuttgart,1990.0,1,100.0,4.0
Stuttgart,952.0,1,43.0,2.0
Köln,820.0,0,74.0,2.0
Köln,837.0,0,70.0,3.0
Köln,900.0,0,58.55,2.0
Köln,1500.0,1,100.0,3.0
Stuttgart,1600.0,1,87.0,3.5
Stuttgart,1790.0,0,79.0,3.5
Stuttgart,1173.0,1,74.0,3.0
Stuttgart,2090.0,1,84.0,1.5
Köln,680.0,1,30.0,1.0
Köln,780.73,1,64.54,2.0
Köln,1160.0,0,80.0,3.0
Stuttgart,1290.0,1,30.0,1.0
Köln,1500.0,1,61.0,2.0
Stuttgart,990.0,0,30.0,1.0
Köln,1020.0,1,69.0,3.0
Köln,1250.0,1,50.0,2.0
Stuttgart,1330.0,0,66.0,3.0
Köln,1030.0,1,70.0,3.0
Köln,2695.0,1,110.0,3.0
Köln,900.0,0,58.0,3.0
Köln,660.0,1,45.0,2.0
Stuttgart,1350.0,0,55.0,2.0
Stuttgart,451.67,1,12.0,1.0
Köln,880.0,0,65.0,3.0
Stuttgart,1500.0,1,66.0,2.0
Stuttgart,1095.0,0,55.0,2.0
Köln,1957.0,1,157.0,4.5
Stuttgart,1310.0,1,63.0,3.0
Köln,1700.0,1,106.0,2.0
Köln,1151.28,1,84.0,3.0
Stuttgart,1245.0,1,68.0,3.5
Köln,1650.0,1,91.0,3.5
Köln,1200.0,1,90.0,2.0
Köln,1250.0,1,100.0,3.0
Köln,2200.0,1,84.0,3.0
Köln,400.0,0,27.0,1.0
Köln,750.0,0,65.0,3.0
Stuttgart,1800.0,1,76.35,2.0
Köln,1250.0,1,71.8,3.0
Stuttgart,870.0,1,34.0,1.0
Köln,1400.0,1,47.0,2.0
Stuttgart,1840.0,1,101.0,4.5
Köln,931.15,1,78.55,3.0
Köln,1545.0,0,93.0,4.0
Köln,1020.0,1,90.0,3.0
Stuttgart,1250.0,0,45.0,1.0
Stuttgart,870.0,0,42.0,1.0
Köln,1350.0,1,78.4,3.0
Stuttgart,950.0,0,35.0,1.0
Stuttgart,330.0,0,18.0,1.0
Köln,1380.0,1,85.0,2.0
Köln,935.0,1,63.0,2.0
Stuttgart,830.0,0,65.0,4.0
Köln,570.0,0,33.0,1.0
Köln,1330.0,1,84.0,2.0
Köln,1750.0,1,141.0,4.0
Stuttgart,1200.0,1,30.0,1.0
Stuttgart,2790.0,1,114.0,3.0
Köln,699.0,1,26.0,1.0
Köln,799.0,0,34.0,1.0
Köln,895.0,1,70.0,2.0
Stuttgart,995.0,1,56.0,2.0
Stuttgart,1800.0,1,131.0,4.0
Köln,1230.25,1,78.42,2.0
Köln,920.0,1,80.0,3.0
Köln,1050.0,1,80.0,3.0
Köln,600.0,0,20.0,1.0
Köln,1650.0,1,107.0,3.0
Köln,1150.0,0,87.0,3.0
Köln,765.0,1,57.19,2.0
Köln,840.0,0,42.0,1.0
Stuttgart,1310.0,1,91.0,3.5
Stuttgart,2350.0,1,140.0,5.0
Stuttgart,1495.0,1,75.0,3.0
Stuttgart,2400.0,1,85.0,4.5
Köln,685.0,1,38.0,2.0
Köln,1565.0,1,105.0,4.5
Stuttgart,780.0,0,38.0,2.0
Köln,970.0,0,60.0,2.5
Köln,685.0,1,23.14,1.0
Köln,920.0,1,68.0,2.0
Köln,939.8,1,77.68,3.0
Stuttgart,1450.0,1,58.0,2.0
Köln,1121.0,1,55.0,2.0
Stuttgart,1990.0,0,130.0,4.0
Köln,710.0,1,46.0,1.0
Köln,885.0,1,63.0,2.0
Köln,680.0,1,30.0,1.0
Köln,750.0,1,50.0,1.0
Köln,880.0,1,63.0,2.0
Stuttgart,1400.0,0,67.0,2.0
Köln,900.0,1,45.0,2.0
Stuttgart,1400.0,1,60.0,2.0
Köln,1550.0,1,94.0,3.0
Köln,980.0,0,40.0,1.0
Stuttgart,1290.0,0,75.0,4.0
Stuttgart,1350.0,1,48.0,1.0
Köln,950.0,1,65.0,2.0
Köln,1360.0,1,106.0,4.0
Stuttgart,2850.0,1,120.0,3.5
Köln,795.0,0,32.0,1.5
Köln,1160.0,0,80.0,2.0
Stuttgart,2570.0,1,168.0,5.0
Köln,1050.0,0,64.0,3.0
Stuttgart,1760.0,0,109.0,3.0
Köln,1070.0,1,115.0,4.0
Köln,1300.0,1,84.0,3.0
Stuttgart,2050.0,1,147.0,5.0
Stuttgart,1405.0,0,61.0,2.0
Köln,2140.0,1,145.7,5.0
Köln,849.0,0,35.3,1.0
Köln,672.0,0,38.45,1.0
Köln,1517.4,1,100.51,3.0
Köln,2290.0,1,112.0,4.0
Köln,990.0,1,86.0,3.0
Stuttgart,1920.0,1,104.0,3.5
Köln,1450.0,1,100.0,3.0
Köln,810.0,1,33.54,2.0
Stuttgart,800.0,1,52.0,2.0
Köln,840.0,1,53.0,2.0
Köln,460.0,0,27.0,1.0
Köln,585.0,0,29.0,1.0
Köln,1555.0,1,89.08,3.0
Stuttgart,1450.0,0,90.0,4.0
Köln,650.0,0,50.0,1.0
Stuttgart,1690.0,1,80.0,3.0
Köln,1670.0,1,98.0,4.0
Köln,1010.0,1,57.92,2.0
Köln,1100.0,1,86.0,3.0
Köln,600.0,1,36.5,1.0
Stuttgart,1750.0,1,75.0,3.0
Stuttgart,1158.0,1,60.95,2.0
Köln,914.0,1,60.0,2.0
Stuttgart,1150.0,0,35.0,1.0
Köln,850.0,1,79.0,4.0
Köln,465.0,0,43.67,2.0
Köln,1130.0,1,93.0,3.0
Köln,1145.0,0,105.0,4.0
Stuttgart,1825.0,1,87.34,3.0
Köln,750.0,0,85.0,3.0
Stuttgart,1420.0,1,95.0,3.5
Stuttgart,860.0,0,20.0,1.0
Stuttgart,1586.0,1,57.33,2.0
Stuttgart,1000.0,1,34.76,1.0
Stuttgart,1490.0,0,45.0,2.0
Köln,1800.0,1,104.0,4.0
Köln,1295.0,1,119.0,3.0
Köln,1890.0,1,125.0,4.0
Stuttgart,2050.0,0,88.0,3.5
Köln,640.0,0,50.25,2.0
Köln,2830.0,1,161.0,5.0
Stuttgart,1050.0,1,76.0,2.5
Stuttgart,2480.0,1,125.0,4.0
Köln,918.0,1,84.0,2.0
Köln,800.0,0,65.0,3.0
Stuttgart,1180.0,1,60.5,2.0
Stuttgart,720.0,0,10.0,1.0
Köln,965.0,1,70.0,2.0
Stuttgart,2180.0,1,131.0,5.5
Köln,3000.0,1,87.0,3.0
Köln,3940.0,1,130.0,3.0
Stuttgart,820.0,0,40.0,2.0
Stuttgart,590.0,1,16.0,1.0
Köln,1990.0,1,115.0,3.0
Stuttgart,340.0,1,25.0,1.0
Stuttgart,950.0,0,23.0,1.0
Stuttgart,1450.0,1,120.0,4.0
Stuttgart,3100.0,1,127.0,4.0
Stuttgart,1650.0,1,69.0,3.0
Köln,949.0,0,35.0,2.0
Köln,1925.0,1,99.0,2.5
Stuttgart,2400.0,1,170.0,5.0
Stuttgart,1767.0,1,68.0,3.0
Köln,900.0,1,62.5,2.0
Köln,1880.0,1,127.0,4.0
Stuttgart,1400.0,0,117.0,4.5
Köln,870.0,1,49.0,1.5
Köln,1855.0,1,88.0,2.0
Köln,1065.0,1,73.0,2.0
Stuttgart,580.0,0,15.0,1.0
Stuttgart,2300.0,0,115.0,3.0
Stuttgart,2145.0,1,106.0,3.5
Stuttgart,960.0,0,54.0,2.0
Stuttgart,2920.0,1,100.0,4.0
Köln,740.0,0,17.0,1.0
Stuttgart,2500.0,1,129.0,4.0
Köln,1100.0,0,50.0,2.0
Köln,800.0,1,50.0,2.0
Köln,715.0,1,36.0,1.0
Köln,1200.0,0,80.0,2.0
Köln,740.0,0,17.0,1.0
Stuttgart,5510.0,1,192.3,4.0
Köln,784.0,1,78.0,3.0
Stuttgart,1185.0,0,55.0,2.0
Stuttgart,2130.0,1,116.0,3.0
Köln,700.0,1,58.0,3.0
Stuttgart,2490.0,0,135.0,4.0
Stuttgart,1625.0,1,115.0,4.5
Köln,1113.72,1,89.97,4.0
Köln,900.0,0,40.0,1.0
Köln,910.0,1,60.0,2.0
Köln,810.0,0,61.09,2.0
Köln,3534.0,0,193.7,3.5
Köln,1950.0,1,154.0,4.0
Köln,1325.0,1,99.0,3.0
Köln,990.0,1,93.0,3.0
Stuttgart,2045.0,1,119.0,2.5
Stuttgart,790.0,1,18.0,1.0
Köln,690.0,0,49.21,2.0
Köln,715.0,1,62.2,2.0
Köln,880.0,0,16.0,1.0
Stuttgart,2000.0,1,128.0,5.0
Köln,690.0,1,31.5,1.0
Köln,959.0,0,72.0,2.0
Stuttgart,1630.0,1,70.1,2.0
Stuttgart,2380.0,1,143.0,4.0
Köln,580.0,1,50.0,2.0
Stuttgart,1600.0,1,86.0,2.0
Köln,800.0,1,61.95,2.0
Stuttgart,2364.0,1,118.0,3.0
Stuttgart,2588.0,1,140.0,3.5
Köln,856.07,1,76.34,3.0
Köln,1005.0,1,75.0,2.0
Köln,1815.0,1,91.0,3.0
Köln,692.0,0,50.0,3.0
Köln,1144.0,1,77.0,3.0
Köln,1390.0,0,61.0,3.0
Köln,825.0,1,60.0,2.0
Köln,4400.0,1,246.0,4.0
Köln,719.0,0,24.43,1.0
Köln,2775.0,1,132.0,3.0
Köln,1315.0,1,92.91,3.0
Stuttgart,720.0,0,11.0,1.0
Köln,880.0,0,64.0,2.0
Köln,1100.0,1,90.0,3.0
Stuttgart,1445.0,1,79.0,3.0
Stuttgart,1900.0,1,73.0,3.0
Köln,2999.0,1,160.0,4.5
Köln,1255.0,1,93.0,2.0
Stuttgart,1390.0,0,45.0,2.0
Stuttgart,3450.0,1,170.0,5.0
Köln,1075.0,1,77.0,2.5
Stuttgart,1750.0,0,100.0,4.0
Köln,650.0,1,49.0,2.0
Stuttgart,680.0,1,48.0,2.0
Köln,1250.0,1,89.0,3.0
Stuttgart,1300.0,0,67.0,3.0
Köln,1300.0,1,80.0,2.0
Stuttgart,1038.0,0,53.0,1.0
Köln,1000.0,1,50.0,2.0
Stuttgart,1400.0,1,60.02,2.0
Köln,1280.0,1,85.0,3.0
Stuttgart,500.0,0,19.0,1.0
Köln,690.99,0,27.0,1.0
Köln,770.0,1,62.0,2.0
Stuttgart,1352.0,1,109.0,4.0
Köln,525.0,0,32.0,1.5
Stuttgart,950.0,1,55.0,2.0
Stuttgart,2235.0,1,100.0,3.0
Köln,950.0,1,65.0,2.0
Köln,1420.0,1,96.0,3.0
Stuttgart,1375.0,1,85.0,3.0
Stuttgart,1650.0,1,80.0,3.0
Köln,950.0,1,61.0,2.0
Köln,760.0,1,60.0,3.0
Köln,1217.0,1,101.0,4.0
Köln,489.0,0,43.0,1.0
Stuttgart,1050.0,0,70.0,3.0
Köln,520.0,0,18.0,1.0
Köln,955.0,1,40.24,1.0
Köln,1440.0,1,109.0,3.0
Köln,2900.0,1,145.0,3.0
Köln,789.0,1,46.0,1.0
Köln,1220.0,1,88.0,3.0
Köln,1120.0,1,85.61,2.0
Köln,824.0,1,50.0,2.5
Köln,903.5,1,50.0,2.0
Köln,1797.0,1,98.0,3.0
Köln,835.0,0,75.0,4.0
Stuttgart,553.0,1,15.0,1.0
Köln,525.9,1,66.53,2.0
Köln,799.0,0,33.0,1.0
Köln,873.93,1,73.45,4.0
Köln,970.0,0,60.0,2.0
Stuttgart,845.0,0,77.0,4.0
Köln,1549.5,1,91.0,3.0
Köln,1015.0,1,70.0,2.0
